,Unnamed: 0,price.open,price.high,price.low,price.close,volume,price.adjusted,ref.date,ticker,ret.adjusted.prices,ret.closing.prices
23870,27935,10.23,10.23,10.23,10.23,0.0,10.23,2013-11-21,HIK,,
23871,27936,,,,,,,2013-11-22,HIK,,
23872,27937,10.23,10.23,10.23,10.23,0.0,10.23,2013-11-25,HIK,,
23873,27938,10.23,10.23,10.23,10.23,0.0,10.23,2013-11-26,HIK,0.0,0.0
23874,27939,10.23,10.23,10.23,10.23,0.0,10.23,2013-11-27,HIK,0.0,0.0
23875,27940,,,,,,,2013-11-29,HIK,,
23876,27941,10.23,10.23,10.23,10.23,0.0,10.23,2013-12-02,HIK,,
23877,27942,10.23,10.23,10.23,10.23,0.0,10.23,2013-12-03,HIK,0.0,0.0
23878,27943,10.23,10.23,10.23,10.23,0.0,10.23,2013-12-04,HIK,0.0,0.0
23879,27944,10.23,10.23,10.23,10.23,0.0,10.23,2013-12-05,HIK,0.0,0.0
23880,27945,,,,,,,2013-12-06,HIK,,
23881,27946,10.23,10.23,10.23,10.23,0.0,10.23,2013-12-09,HIK,,
23882,27947,10.23,10.23,10.23,10.23,0.0,10.23,2013-12-10,HIK,0.0,0.0
23883,27948,10.23,10.23,10.23,10.23,0.0,10.23,2013-12-11,HIK,0.0,0.0
23884,27949,10.23,10.23,10.23,10.23,0.0,10.23,2013-12-12,HIK,0.0,0.0
23885,27950,,,,,,,2013-12-13,HIK,,
23886,27951,10.23,10.23,10.23,10.23,0.0,10.23,2013-12-16,HIK,,
23887,27952,10.23,10.23,10.23,10.23,0.0,10.23,2013-12-17,HIK,0.0,0.0
23888,27953,10.23,10.23,10.23,10.23,0.0,10.23,2013-12-18,HIK,0.0,0.0
23889,27954,10.23,10.23,10.23,10.23,0.0,10.23,2013-12-19,HIK,0.0,0.0
23890,27955,,,,,,,2013-12-20,HIK,,
23891,27956,10.23,10.23,10.23,10.23,0.0,10.23,2013-12-23,HIK,,
23892,27957,10.23,10.23,10.23,10.23,0.0,10.23,2013-12-24,HIK,0.0,0.0
23893,27958,10.23,10.23,10.23,10.23,0.0,10.23,2013-12-26,HIK,0.0,0.0
23894,27959,,,,,,,2013-12-27,HIK,,
23895,27960,10.23,10.23,10.23,10.23,0.0,10.23,2013-12-30,HIK,,
23896,27961,10.23,10.23,10.23,10.23,0.0,10.23,2013-12-31,HIK,0.0,0.0
23897,27962,10.23,10.23,10.23,10.23,0.0,10.23,2014-01-02,HIK,0.0,0.0
23898,27963,,,,,,,2014-01-03,HIK,,
23899,27964,10.23,10.23,10.23,10.23,0.0,10.23,2014-01-06,HIK,,
23900,27965,10.23,10.23,10.23,10.23,0.0,10.23,2014-01-07,HIK,0.0,0.0
23901,27966,10.23,10.23,10.23,10.23,0.0,10.23,2014-01-08,HIK,0.0,0.0
23902,27967,10.23,10.23,10.23,10.23,0.0,10.23,2014-01-09,HIK,0.0,0.0
23903,27968,,,,,,,2014-01-10,HIK,,
23904,27969,10.23,10.23,10.23,10.23,0.0,10.23,2014-01-13,HIK,,
23905,27970,10.23,10.23,10.23,10.23,0.0,10.23,2014-01-14,HIK,0.0,0.0
23906,27971,10.23,10.23,10.23,10.23,0.0,10.23,2014-01-15,HIK,0.0,0.0
23907,27972,10.23,10.23,10.23,10.23,0.0,10.23,2014-01-16,HIK,0.0,0.0
23908,27973,,,,,,,2014-01-17,HIK,,
23909,27974,10.23,10.23,10.23,10.23,0.0,10.23,2014-01-21,HIK,,
23910,27975,10.23,10.23,10.23,10.23,0.0,10.23,2014-01-22,HIK,0.0,0.0
23911,27976,10.23,10.23,10.23,10.23,0.0,10.23,2014-01-23,HIK,0.0,0.0
23912,27977,,,,,,,2014-01-24,HIK,,
23913,27978,10.23,10.23,10.23,10.23,0.0,10.23,2014-01-27,HIK,,
23914,27979,10.23,10.23,10.23,10.23,0.0,10.23,2014-01-28,HIK,0.0,0.0
23915,27980,10.23,10.23,10.23,10.23,0.0,10.23,2014-01-29,HIK,0.0,0.0
23916,27981,10.23,10.23,10.23,10.23,0.0,10.23,2014-01-30,HIK,0.0,0.0
23917,27982,,,,,,,2014-01-31,HIK,,
23918,27983,10.23,10.23,10.23,10.23,0.0,10.23,2014-02-03,HIK,,
23919,27984,10.23,10.23,10.23,10.23,0.0,10.23,2014-02-04,HIK,0.0,0.0
23920,27985,10.23,10.23,10.23,10.23,0.0,10.23,2014-02-05,HIK,0.0,0.0
23921,27986,10.23,10.23,10.23,10.23,0.0,10.23,2014-02-06,HIK,0.0,0.0
23922,27987,,,,,,,2014-02-07,HIK,,
23923,27988,10.23,10.23,10.23,10.23,0.0,10.23,2014-02-10,HIK,,
23924,27989,10.23,10.23,10.23,10.23,0.0,10.23,2014-02-11,HIK,0.0,0.0
23925,27990,10.23,10.23,10.23,10.23,0.0,10.23,2014-02-12,HIK,0.0,0.0
23926,27991,10.23,10.23,10.23,10.23,0.0,10.23,2014-02-13,HIK,0.0,0.0
23927,27992,,,,,,,2014-02-14,HIK,,
23928,27993,10.23,10.23,10.23,10.23,0.0,10.23,2014-02-18,HIK,,
23929,27994,10.23,10.23,10.23,10.23,0.0,10.23,2014-02-19,HIK,0.0,0.0
23930,27995,10.23,10.23,10.23,10.23,0.0,10.23,2014-02-20,HIK,0.0,0.0
23931,27996,,,,,,,2014-02-21,HIK,,
23932,27997,10.23,10.23,10.23,10.23,0.0,10.23,2014-02-24,HIK,,
23933,27998,10.23,10.23,10.23,10.23,0.0,10.23,2014-02-25,HIK,0.0,0.0
23934,27999,10.23,10.23,10.23,10.23,0.0,10.23,2014-02-26,HIK,0.0,0.0
23935,28000,10.23,10.23,10.23,10.23,0.0,10.23,2014-02-27,HIK,0.0,0.0
23936,28001,,,,,,,2014-02-28,HIK,,
23937,28002,10.23,10.23,10.23,10.23,0.0,10.23,2014-03-03,HIK,,
23938,28003,10.23,10.23,10.23,10.23,0.0,10.23,2014-03-04,HIK,0.0,0.0
23939,28004,10.23,10.23,10.23,10.23,0.0,10.23,2014-03-05,HIK,0.0,0.0
23940,28005,10.23,10.23,10.23,10.23,0.0,10.23,2014-03-06,HIK,0.0,0.0
23941,28006,,,,,,,2014-03-07,HIK,,
23942,28007,10.23,10.23,10.23,10.23,0.0,10.23,2014-03-10,HIK,,
23943,28008,10.23,10.23,10.23,10.23,0.0,10.23,2014-03-11,HIK,0.0,0.0
23944,28009,10.23,10.23,10.23,10.23,0.0,10.23,2014-03-12,HIK,0.0,0.0
23945,28010,10.23,10.23,10.23,10.23,0.0,10.23,2014-03-13,HIK,0.0,0.0
23946,28011,,,,,,,2014-03-14,HIK,,
23947,28012,10.23,10.23,10.23,10.23,0.0,10.23,2014-03-17,HIK,,
23948,28013,10.23,10.23,10.23,10.23,0.0,10.23,2014-03-18,HIK,0.0,0.0
23949,28014,10.23,10.23,10.23,10.23,0.0,10.23,2014-03-19,HIK,0.0,0.0
23950,28015,10.23,10.23,10.23,10.23,0.0,10.23,2014-03-20,HIK,0.0,0.0
23951,28016,,,,,,,2014-03-21,HIK,,
23952,28017,10.23,10.23,10.23,10.23,0.0,10.23,2014-03-24,HIK,,
23953,28018,10.23,10.23,10.23,10.23,0.0,10.23,2014-03-25,HIK,0.0,0.0
23954,28019,10.23,10.23,10.23,10.23,0.0,10.23,2014-03-26,HIK,0.0,0.0
23955,28020,10.23,10.23,10.23,10.23,0.0,10.23,2014-03-27,HIK,0.0,0.0
23956,28021,,,,,,,2014-03-28,HIK,,
23957,28022,10.23,10.23,10.23,10.23,0.0,10.23,2014-03-31,HIK,,
23958,28023,10.23,10.23,10.23,10.23,0.0,10.23,2014-04-01,HIK,0.0,0.0
23959,28024,10.23,10.23,10.23,10.23,0.0,10.23,2014-04-02,HIK,0.0,0.0
23960,28025,10.23,10.23,10.23,10.23,0.0,10.23,2014-04-03,HIK,0.0,0.0
23961,28026,,,,,,,2014-04-04,HIK,,
23962,28027,10.23,10.23,10.23,10.23,0.0,10.23,2014-04-07,HIK,,
23963,28028,10.23,10.23,10.23,10.23,0.0,10.23,2014-04-08,HIK,0.0,0.0
23964,28029,10.23,10.23,10.23,10.23,0.0,10.23,2014-04-09,HIK,0.0,0.0
23965,28030,10.23,10.23,10.23,10.23,0.0,10.23,2014-04-10,HIK,0.0,0.0
23966,28031,,,,,,,2014-04-11,HIK,,
23967,28032,10.23,10.23,10.23,10.23,0.0,10.23,2014-04-14,HIK,,
23968,28033,10.23,10.23,10.23,10.23,0.0,10.23,2014-04-15,HIK,0.0,0.0
23969,28034,10.23,10.23,10.23,10.23,0.0,10.23,2014-04-16,HIK,0.0,0.0
23970,28035,10.23,10.23,10.23,10.23,0.0,10.23,2014-04-17,HIK,0.0,0.0
23971,28036,10.23,10.23,10.23,10.23,0.0,10.23,2014-04-21,HIK,0.0,0.0
23972,28037,10.23,10.23,10.23,10.23,0.0,10.23,2014-04-22,HIK,0.0,0.0
23973,28038,10.23,10.23,10.23,10.23,0.0,10.23,2014-04-23,HIK,0.0,0.0
23974,28039,10.23,10.23,10.23,10.23,0.0,10.23,2014-04-24,HIK,0.0,0.0
23975,28040,,,,,,,2014-04-25,HIK,,
23976,28041,10.23,10.23,10.23,10.23,0.0,10.23,2014-04-28,HIK,,
23977,28042,10.23,10.23,10.23,10.23,0.0,10.23,2014-04-29,HIK,0.0,0.0
23978,28043,10.23,10.23,10.23,10.23,0.0,10.23,2014-04-30,HIK,0.0,0.0
23979,28044,10.23,10.23,10.23,10.23,0.0,10.23,2014-05-01,HIK,0.0,0.0
23980,28045,,,,,,,2014-05-02,HIK,,
23981,28046,10.23,10.23,10.23,10.23,0.0,10.23,2014-05-05,HIK,,
23982,28047,10.23,10.23,10.23,10.23,0.0,10.23,2014-05-06,HIK,0.0,0.0
23983,28048,10.23,10.23,10.23,10.23,0.0,10.23,2014-05-07,HIK,0.0,0.0
23984,28049,10.23,10.23,10.23,10.23,0.0,10.23,2014-05-08,HIK,0.0,0.0
23985,28050,,,,,,,2014-05-09,HIK,,
23986,28051,10.23,10.23,10.23,10.23,0.0,10.23,2014-05-12,HIK,,
23987,28052,10.23,10.23,10.23,10.23,0.0,10.23,2014-05-13,HIK,0.0,0.0
23988,28053,10.23,10.23,10.23,10.23,0.0,10.23,2014-05-14,HIK,0.0,0.0
23989,28054,10.23,10.23,10.23,10.23,0.0,10.23,2014-05-15,HIK,0.0,0.0
23990,28055,,,,,,,2014-05-16,HIK,,
23991,28056,10.23,10.23,10.23,10.23,0.0,10.23,2014-05-19,HIK,,
23992,28057,10.23,10.23,10.23,10.23,0.0,10.23,2014-05-20,HIK,0.0,0.0
23993,28058,10.23,10.23,10.23,10.23,0.0,10.23,2014-05-21,HIK,0.0,0.0
23994,28059,10.23,10.23,10.23,10.23,0.0,10.23,2014-05-22,HIK,0.0,0.0
23995,28060,,,,,,,2014-05-23,HIK,,
23996,28061,10.23,10.23,10.23,10.23,0.0,10.23,2014-05-27,HIK,,
23997,28062,10.23,10.23,10.23,10.23,0.0,10.23,2014-05-28,HIK,0.0,0.0
23998,28063,10.23,10.23,10.23,10.23,0.0,10.23,2014-05-29,HIK,0.0,0.0
23999,28064,,,,,,,2014-05-30,HIK,,
24000,28065,10.23,10.23,10.23,10.23,0.0,10.23,2014-06-02,HIK,,
24001,28066,10.23,10.23,10.23,10.23,0.0,10.23,2014-06-03,HIK,0.0,0.0
24002,28067,10.23,10.23,10.23,10.23,0.0,10.23,2014-06-04,HIK,0.0,0.0
24003,28068,10.23,10.23,10.23,10.23,0.0,10.23,2014-06-05,HIK,0.0,0.0
24004,28069,,,,,,,2014-06-06,HIK,,
24005,28070,10.23,10.23,10.23,10.23,0.0,10.23,2014-06-09,HIK,,
24006,28071,10.23,10.23,10.23,10.23,0.0,10.23,2014-06-10,HIK,0.0,0.0
24007,28072,10.23,10.23,10.23,10.23,0.0,10.23,2014-06-11,HIK,0.0,0.0
24008,28073,10.23,10.23,10.23,10.23,0.0,10.23,2014-06-12,HIK,0.0,0.0
24009,28074,,,,,,,2014-06-13,HIK,,
24010,28075,10.23,10.23,10.23,10.23,0.0,10.23,2014-06-16,HIK,,
24011,28076,10.23,10.23,10.23,10.23,0.0,10.23,2014-06-17,HIK,0.0,0.0
24012,28077,10.23,10.23,10.23,10.23,0.0,10.23,2014-06-18,HIK,0.0,0.0
24013,28078,10.23,10.23,10.23,10.23,0.0,10.23,2014-06-19,HIK,0.0,0.0
24014,28079,,,,,,,2014-06-20,HIK,,
24015,28080,10.23,10.23,10.23,10.23,0.0,10.23,2014-06-23,HIK,,
24016,28081,10.23,10.23,10.23,10.23,0.0,10.23,2014-06-24,HIK,0.0,0.0
24017,28082,10.23,10.23,10.23,10.23,0.0,10.23,2014-06-25,HIK,0.0,0.0
24018,28083,10.23,10.23,10.23,10.23,0.0,10.23,2014-06-26,HIK,0.0,0.0
24019,28084,,,,,,,2014-06-27,HIK,,
24020,28085,10.23,10.23,10.23,10.23,0.0,10.23,2014-06-30,HIK,,
24021,28086,10.23,10.23,10.23,10.23,0.0,10.23,2014-07-01,HIK,0.0,0.0
24022,28087,10.23,10.23,10.23,10.23,0.0,10.23,2014-07-02,HIK,0.0,0.0
24023,28088,10.23,10.23,10.23,10.23,0.0,10.23,2014-07-03,HIK,0.0,0.0
24024,28089,10.23,10.23,10.23,10.23,0.0,10.23,2014-07-07,HIK,0.0,0.0
24025,28090,10.23,10.23,10.23,10.23,0.0,10.23,2014-07-08,HIK,0.0,0.0
24026,28091,10.23,10.23,10.23,10.23,0.0,10.23,2014-07-09,HIK,0.0,0.0
24027,28092,10.23,10.23,10.23,10.23,0.0,10.23,2014-07-10,HIK,0.0,0.0
24028,28093,,,,,,,2014-07-11,HIK,,
24029,28094,10.23,10.23,10.23,10.23,0.0,10.23,2014-07-14,HIK,,
24030,28095,10.23,10.23,10.23,10.23,0.0,10.23,2014-07-15,HIK,0.0,0.0
24031,28096,10.23,10.23,10.23,10.23,0.0,10.23,2014-07-16,HIK,0.0,0.0
24032,28097,10.23,10.23,10.23,10.23,0.0,10.23,2014-07-17,HIK,0.0,0.0
24033,28098,53.459998999999996,53.459998999999996,53.459998999999996,53.459998999999996,0.0,53.459998999999996,2014-07-18,HIK,4.2258063538611905,4.2258063538611905
24034,28099,10.23,10.23,10.23,10.23,0.0,10.23,2014-07-21,HIK,-0.8086419717291801,-0.8086419717291801
24035,28100,10.23,10.23,10.23,10.23,0.0,10.23,2014-07-22,HIK,0.0,0.0
24036,28101,10.23,10.23,10.23,10.23,0.0,10.23,2014-07-23,HIK,0.0,0.0
24037,28102,10.23,10.23,10.23,10.23,0.0,10.23,2014-07-24,HIK,0.0,0.0
24038,28103,55.049999,55.049999,55.049999,55.049999,0.0,55.049999,2014-07-25,HIK,4.38123157380254,4.38123157380254
24039,28104,10.23,10.23,10.23,10.23,0.0,10.23,2014-07-28,HIK,-0.8141689339540219,-0.8141689339540219
24040,28105,10.23,10.23,10.23,10.23,0.0,10.23,2014-07-29,HIK,0.0,0.0
24041,28106,10.23,10.23,10.23,10.23,0.0,10.23,2014-07-30,HIK,0.0,0.0
24042,28107,10.23,10.23,10.23,10.23,0.0,10.23,2014-07-31,HIK,0.0,0.0
24043,28108,54.25,54.25,54.25,54.25,0.0,54.25,2014-08-01,HIK,4.303030303030299,4.303030303030299
24044,28109,10.23,10.23,10.23,10.23,0.0,10.23,2014-08-04,HIK,-0.8114285714285709,-0.8114285714285709
24045,28110,10.23,10.23,10.23,10.23,0.0,10.23,2014-08-05,HIK,0.0,0.0
24046,28111,10.23,10.23,10.23,10.23,0.0,10.23,2014-08-06,HIK,0.0,0.0
24047,28112,10.23,10.23,10.23,10.23,0.0,10.23,2014-08-07,HIK,0.0,0.0
24048,28113,50.990002000000004,50.990002000000004,50.990002000000004,50.990002000000004,0.0,50.990002000000004,2014-08-08,HIK,3.98435992179863,3.98435992179863
24049,28114,10.23,10.23,10.23,10.23,0.0,10.23,2014-08-11,HIK,-0.799372433835166,-0.799372433835166
24050,28115,10.23,10.23,10.23,10.23,0.0,10.23,2014-08-12,HIK,0.0,0.0
24051,28116,10.23,10.23,10.23,10.23,0.0,10.23,2014-08-13,HIK,0.0,0.0
24052,28117,10.23,10.23,10.23,10.23,0.0,10.23,2014-08-14,HIK,0.0,0.0
24053,28118,50.529999,50.529999,50.529999,50.529999,0.0,50.529999,2014-08-15,HIK,3.93939384164223,3.93939384164223
24054,28119,10.23,10.23,10.23,10.23,0.0,10.23,2014-08-18,HIK,-0.7975460082633291,-0.7975460082633291
24055,28120,10.23,10.23,10.23,10.23,0.0,10.23,2014-08-19,HIK,0.0,0.0
24056,28121,10.23,10.23,10.23,10.23,0.0,10.23,2014-08-20,HIK,0.0,0.0
24057,28122,10.23,10.23,10.23,10.23,0.0,10.23,2014-08-21,HIK,0.0,0.0
24058,28123,47.259997999999996,47.259997999999996,47.259997999999996,47.259997999999996,0.0,47.259997999999996,2014-08-22,HIK,3.61974565004888,3.61974565004888
24059,28124,10.23,10.23,10.23,10.23,0.0,10.23,2014-08-25,HIK,-0.7835378664214079,-0.7835378664214079
24060,28125,10.23,10.23,10.23,10.23,0.0,10.23,2014-08-26,HIK,0.0,0.0
24061,28126,10.23,10.23,10.23,10.23,0.0,10.23,2014-08-27,HIK,0.0,0.0
24062,28127,10.23,10.23,10.23,10.23,0.0,10.23,2014-08-28,HIK,0.0,0.0
24063,28128,46.889998999999996,46.889998999999996,46.889998999999996,46.889998999999996,0.0,46.889998999999996,2014-08-29,HIK,3.5835776148582594,3.5835776148582594
24064,28129,10.23,10.23,10.23,10.23,0.0,10.23,2014-09-02,HIK,-0.7818298098065649,-0.7818298098065649
24065,28130,10.23,10.23,10.23,10.23,0.0,10.23,2014-09-03,HIK,0.0,0.0
24066,28131,10.23,10.23,10.23,10.23,0.0,10.23,2014-09-04,HIK,0.0,0.0
24067,28132,49.224998,49.224998,49.224998,49.224998,50.0,49.224998,2014-09-05,HIK,3.81182776148583,3.81182776148583
24068,28133,10.23,10.23,10.23,10.23,0.0,10.23,2014-09-08,HIK,-0.792178762505993,-0.792178762505993
24069,28134,10.23,10.23,10.23,10.23,0.0,10.23,2014-09-09,HIK,0.0,0.0
24070,28135,10.23,10.23,10.23,10.23,0.0,10.23,2014-09-10,HIK,0.0,0.0
24071,28136,10.23,10.23,10.23,10.23,0.0,10.23,2014-09-11,HIK,0.0,0.0
24072,28137,51.34,51.34,51.34,51.34,0.0,51.34,2014-09-12,HIK,4.01857282502444,4.01857282502444
24073,28138,10.23,10.23,10.23,10.23,0.0,10.23,2014-09-15,HIK,-0.800740163615115,-0.800740163615115
24074,28139,10.23,10.23,10.23,10.23,0.0,10.23,2014-09-16,HIK,0.0,0.0
24075,28140,10.23,10.23,10.23,10.23,0.0,10.23,2014-09-17,HIK,0.0,0.0
24076,28141,10.23,10.23,10.23,10.23,0.0,10.23,2014-09-18,HIK,0.0,0.0
24077,28142,53.07,53.07,52.790001000000004,52.790001000000004,0.0,52.790001000000004,2014-09-19,HIK,4.16031290322581,4.16031290322581
24078,28143,10.23,10.23,10.23,10.23,0.0,10.23,2014-09-22,HIK,-0.8062133016439991,-0.8062133016439991
24079,28144,10.23,10.23,10.23,10.23,0.0,10.23,2014-09-23,HIK,0.0,0.0
24080,28145,10.23,10.23,10.23,10.23,0.0,10.23,2014-09-24,HIK,0.0,0.0
24081,28146,10.23,10.23,10.23,10.23,0.0,10.23,2014-09-25,HIK,0.0,0.0
24082,28147,53.509997999999996,53.509997999999996,53.509997999999996,53.509997999999996,0.0,53.509997999999996,2014-09-26,HIK,4.23069384164223,4.23069384164223
24083,28148,10.23,10.23,10.23,10.23,0.0,10.23,2014-09-29,HIK,-0.808820774016848,-0.808820774016848
24084,28149,10.23,10.23,10.23,10.23,0.0,10.23,2014-09-30,HIK,0.0,0.0
24085,28150,10.23,10.23,10.23,10.23,0.0,10.23,2014-10-01,HIK,0.0,0.0
24086,28151,10.23,10.23,10.23,10.23,0.0,10.23,2014-10-02,HIK,0.0,0.0
24087,28152,53.376999,53.376999,53.376999,53.376999,0.0,53.376999,2014-10-03,HIK,4.21769296187683,4.21769296187683
24088,28153,10.23,10.23,10.23,10.23,0.0,10.23,2014-10-06,HIK,-0.808344414417154,-0.808344414417154
24089,28154,10.23,10.23,10.23,10.23,0.0,10.23,2014-10-07,HIK,0.0,0.0
24090,28155,10.23,10.23,10.23,10.23,0.0,10.23,2014-10-08,HIK,0.0,0.0
24091,28156,10.23,10.23,10.23,10.23,0.0,10.23,2014-10-09,HIK,0.0,0.0
24092,28157,50.141998,50.799,50.141998,50.799,0.0,50.799,2014-10-10,HIK,3.96568914956012,3.96568914956012
24093,28158,10.23,10.23,10.23,10.23,0.0,10.23,2014-10-13,HIK,-0.7986180830331309,-0.7986180830331309
24094,28159,10.23,10.23,10.23,10.23,0.0,10.23,2014-10-14,HIK,0.0,0.0
24095,28160,10.23,10.23,10.23,10.23,0.0,10.23,2014-10-15,HIK,0.0,0.0
24096,28161,10.23,10.23,10.23,10.23,0.0,10.23,2014-10-16,HIK,0.0,0.0
24097,28162,46.75,46.75,46.75,46.75,0.0,46.75,2014-10-17,HIK,3.5698924731182795,3.5698924731182795
24098,28163,10.23,10.23,10.23,10.23,0.0,10.23,2014-10-20,HIK,-0.7811764705882349,-0.7811764705882349
24099,28164,10.23,10.23,10.23,10.23,0.0,10.23,2014-10-21,HIK,0.0,0.0
24100,28165,10.23,10.23,10.23,10.23,0.0,10.23,2014-10-22,HIK,0.0,0.0
24101,28166,10.23,10.23,10.23,10.23,0.0,10.23,2014-10-23,HIK,0.0,0.0
24102,28167,49.584998999999996,49.584998999999996,49.584998999999996,49.584998999999996,0.0,49.584998999999996,2014-10-24,HIK,3.8470184750733103,3.8470184750733103
24103,28168,10.23,10.23,10.23,10.23,0.0,10.23,2014-10-27,HIK,-0.793687602978473,-0.793687602978473
24104,28169,10.23,10.23,10.23,10.23,0.0,10.23,2014-10-28,HIK,0.0,0.0
24105,28170,10.23,10.23,10.23,10.23,0.0,10.23,2014-10-29,HIK,0.0,0.0
24106,28171,10.23,10.23,10.23,10.23,0.0,10.23,2014-10-30,HIK,0.0,0.0
24107,28172,50.740002000000004,50.740002000000004,50.740002000000004,50.740002000000004,0.0,50.740002000000004,2014-10-31,HIK,3.9599219941348998,3.9599219941348998
24108,28173,10.23,10.23,10.23,10.23,0.0,10.23,2014-11-03,HIK,-0.7983839259604291,-0.7983839259604291
24109,28174,10.23,10.23,10.23,10.23,0.0,10.23,2014-11-04,HIK,0.0,0.0
24110,28175,10.23,10.23,10.23,10.23,0.0,10.23,2014-11-05,HIK,0.0,0.0
24111,28176,10.23,10.23,10.23,10.23,0.0,10.23,2014-11-06,HIK,0.0,0.0
24112,28177,49.869999,49.869999,49.869999,49.869999,0.0,49.869999,2014-11-07,HIK,3.87487771260997,3.87487771260997
24113,28178,10.23,10.23,10.23,10.23,0.0,10.23,2014-11-10,HIK,-0.794866649185215,-0.794866649185215
24114,28179,10.23,10.23,10.23,10.23,0.0,10.23,2014-11-11,HIK,0.0,0.0
24115,28180,10.23,10.23,10.23,10.23,0.0,10.23,2014-11-12,HIK,0.0,0.0
24116,28181,10.23,10.23,10.23,10.23,0.0,10.23,2014-11-13,HIK,0.0,0.0
24117,28182,53.98,53.98,53.98,53.98,0.0,53.98,2014-11-14,HIK,4.27663734115347,4.27663734115347
24118,28183,10.23,10.23,10.23,10.23,0.0,10.23,2014-11-17,HIK,-0.810485364949981,-0.810485364949981
24119,28184,10.23,10.23,10.23,10.23,0.0,10.23,2014-11-18,HIK,0.0,0.0
24120,28185,10.23,10.23,10.23,10.23,0.0,10.23,2014-11-19,HIK,0.0,0.0
24121,28186,10.23,10.23,10.23,10.23,0.0,10.23,2014-11-20,HIK,0.0,0.0
24122,28187,53.259997999999996,53.259997999999996,53.259997999999996,53.259997999999996,0.0,53.259997999999996,2014-11-21,HIK,4.20625591397849,4.20625591397849
24123,28188,10.23,10.23,10.23,10.23,0.0,10.23,2014-11-24,HIK,-0.807923387454877,-0.807923387454877
24124,28189,10.23,10.23,10.23,10.23,0.0,10.23,2014-11-25,HIK,0.0,0.0
24125,28190,10.23,10.23,10.23,10.23,0.0,10.23,2014-11-26,HIK,0.0,0.0
24126,28191,51.990002000000004,51.990002000000004,51.990002000000004,51.990002000000004,0.0,51.990002000000004,2014-11-28,HIK,4.08211163245357,4.08211163245357
24127,28192,10.23,10.23,10.23,10.23,0.0,10.23,2014-12-01,HIK,-0.803231398221527,-0.803231398221527
24128,28193,10.23,10.23,10.23,10.23,0.0,10.23,2014-12-02,HIK,0.0,0.0
24129,28194,10.23,10.23,10.23,10.23,0.0,10.23,2014-12-03,HIK,0.0,0.0
24130,28195,10.23,10.23,10.23,10.23,0.0,10.23,2014-12-04,HIK,0.0,0.0
24131,28196,50.893002,50.943001,50.893002,50.943001,0.0,50.943001,2014-12-05,HIK,3.97976549364614,3.97976549364614
24132,28197,10.23,10.23,10.23,10.23,0.0,10.23,2014-12-08,HIK,-0.799187330954452,-0.799187330954452
24133,28198,10.23,10.23,10.23,10.23,0.0,10.23,2014-12-09,HIK,0.0,0.0
24134,28199,10.23,10.23,10.23,10.23,0.0,10.23,2014-12-10,HIK,0.0,0.0
24135,28200,10.23,10.23,10.23,10.23,0.0,10.23,2014-12-11,HIK,0.0,0.0
24136,28201,49.310001,49.310001,49.310001,49.310001,0.0,49.310001,2014-12-12,HIK,3.82013695014663,3.82013695014663
24137,28202,10.23,10.23,10.23,10.23,0.0,10.23,2014-12-15,HIK,-0.7925370149556479,-0.7925370149556479
24138,28203,10.23,10.23,10.23,10.23,0.0,10.23,2014-12-16,HIK,0.0,0.0
24139,28204,10.23,10.23,10.23,10.23,0.0,10.23,2014-12-17,HIK,0.0,0.0
24140,28205,10.23,10.23,10.23,10.23,0.0,10.23,2014-12-18,HIK,0.0,0.0
24141,28206,48.189999,48.189999,48.189999,48.189999,0.0,48.189999,2014-12-19,HIK,3.7106548387096803,3.7106548387096803
24142,28207,10.23,10.23,10.23,10.23,0.0,10.23,2014-12-22,HIK,-0.7877152892242231,-0.7877152892242231
24143,28208,10.23,10.23,10.23,10.23,0.0,10.23,2014-12-23,HIK,0.0,0.0
24144,28209,10.23,10.23,10.23,10.23,0.0,10.23,2014-12-24,HIK,0.0,0.0
24145,28210,48.639998999999996,48.639998999999996,48.639998999999996,48.639998999999996,0.0,48.639998999999996,2014-12-26,HIK,3.7546431085044,3.7546431085044
24146,28211,10.23,10.23,10.23,10.23,0.0,10.23,2014-12-29,HIK,-0.789679271991761,-0.789679271991761
24147,28212,10.23,10.23,10.23,10.23,0.0,10.23,2014-12-30,HIK,0.0,0.0
24148,28213,10.23,10.23,10.23,10.23,0.0,10.23,2014-12-31,HIK,0.0,0.0
24149,28214,49.220001,49.220001,49.220001,49.220001,0.0,49.220001,2015-01-02,HIK,3.8113392961876804,3.8113392961876804
24150,28215,10.23,10.23,10.23,10.23,0.0,10.23,2015-01-05,HIK,-0.7921576637107339,-0.7921576637107339
24151,28216,10.23,10.23,10.23,10.23,0.0,10.23,2015-01-06,HIK,0.0,0.0
24152,28217,10.23,10.23,10.23,10.23,0.0,10.23,2015-01-07,HIK,0.0,0.0
24153,28218,10.23,10.23,10.23,10.23,0.0,10.23,2015-01-08,HIK,0.0,0.0
24154,28219,44.671001000000004,45.060001,44.671001000000004,45.060001,0.0,45.060001,2015-01-09,HIK,3.40469217986315,3.40469217986315
24155,28220,10.23,10.23,10.23,10.23,0.0,10.23,2015-01-12,HIK,-0.7729693792061829,-0.7729693792061829
24156,28221,10.23,10.23,10.23,10.23,0.0,10.23,2015-01-13,HIK,0.0,0.0
24157,28222,10.23,10.23,10.23,10.23,0.0,10.23,2015-01-14,HIK,0.0,0.0
24158,28223,10.23,10.23,10.23,10.23,0.0,10.23,2015-01-15,HIK,0.0,0.0
24159,28224,48.400002,48.400002,48.400002,48.400002,0.0,48.400002,2015-01-16,HIK,3.7311829912023504,3.7311829912023504
24160,28225,10.23,10.23,10.23,10.23,0.0,10.23,2015-01-20,HIK,-0.7886363723703979,-0.7886363723703979
24161,28226,10.23,10.23,10.23,10.23,0.0,10.23,2015-01-21,HIK,0.0,0.0
24162,28227,10.23,10.23,10.23,10.23,0.0,10.23,2015-01-22,HIK,0.0,0.0
24163,28228,49.830002,49.830002,49.830002,49.830002,0.0,49.830002,2015-01-23,HIK,3.87096793743891,3.87096793743891
24164,28229,10.23,10.23,10.23,10.23,0.0,10.23,2015-01-26,HIK,-0.7947019949949029,-0.7947019949949029
24165,28230,10.23,10.23,10.23,10.23,0.0,10.23,2015-01-27,HIK,0.0,0.0
24166,28231,10.23,10.23,10.23,10.23,0.0,10.23,2015-01-28,HIK,0.0,0.0
24167,28232,10.23,10.23,10.23,10.23,0.0,10.23,2015-01-29,HIK,0.0,0.0
24168,28233,49.960999,50.592999,49.960999,50.592999,0.0,50.592999,2015-01-30,HIK,3.9455521994134903,3.9455521994134903
24169,28234,10.23,10.23,10.23,10.23,0.0,10.23,2015-02-02,HIK,-0.7977981103670091,-0.7977981103670091
24170,28235,10.23,10.23,10.23,10.23,0.0,10.23,2015-02-03,HIK,0.0,0.0
24171,28236,10.23,10.23,10.23,10.23,0.0,10.23,2015-02-04,HIK,0.0,0.0
24172,28237,10.23,10.23,10.23,10.23,0.0,10.23,2015-02-05,HIK,0.0,0.0
24173,28238,49.380001,49.380001,49.380001,49.380001,0.0,49.380001,2015-02-06,HIK,3.8269795698924702,3.8269795698924702
24174,28239,10.23,10.23,10.23,10.23,0.0,10.23,2015-02-09,HIK,-0.792831109906215,-0.792831109906215
24175,28240,10.23,10.23,10.23,10.23,0.0,10.23,2015-02-10,HIK,0.0,0.0
24176,28241,10.23,10.23,10.23,10.23,0.0,10.23,2015-02-11,HIK,0.0,0.0
24177,28242,10.23,10.23,10.23,10.23,0.0,10.23,2015-02-12,HIK,0.0,0.0
24178,28243,52.029999,52.029999,52.029999,52.029999,0.0,52.029999,2015-02-13,HIK,4.08602140762463,4.08602140762463
24179,28244,10.23,10.23,10.23,10.23,0.0,10.23,2015-02-17,HIK,-0.803382660068858,-0.803382660068858
24180,28245,10.23,10.23,10.23,10.23,0.0,10.23,2015-02-18,HIK,0.0,0.0
24181,28246,10.23,10.23,10.23,10.23,0.0,10.23,2015-02-19,HIK,0.0,0.0
24182,28247,57.078998999999996,57.078998999999996,56.865002000000004,56.865002000000004,0.0,56.865002000000004,2015-02-20,HIK,4.55865122189638,4.55865122189638
24183,28248,10.23,10.23,10.23,10.23,0.0,10.23,2015-02-23,HIK,-0.8201002437316359,-0.8201002437316359
24184,28249,10.23,10.23,10.23,10.23,0.0,10.23,2015-02-24,HIK,0.0,0.0
24185,28250,10.23,10.23,10.23,10.23,0.0,10.23,2015-02-25,HIK,0.0,0.0
24186,28251,10.23,10.23,10.23,10.23,0.0,10.23,2015-02-26,HIK,0.0,0.0
24187,28252,57.5,57.5,57.5,57.5,0.0,57.5,2015-02-27,HIK,4.6207233626588495,4.6207233626588495
24188,28253,10.23,10.23,10.23,10.23,0.0,10.23,2015-03-02,HIK,-0.822086956521739,-0.822086956521739
24189,28254,10.23,10.23,10.23,10.23,0.0,10.23,2015-03-03,HIK,0.0,0.0
24190,28255,10.23,10.23,10.23,10.23,0.0,10.23,2015-03-04,HIK,0.0,0.0
24191,28256,10.23,10.23,10.23,10.23,0.0,10.23,2015-03-05,HIK,0.0,0.0
24192,28257,59.34,59.34,59.34,59.34,0.0,59.34,2015-03-06,HIK,4.80058651026393,4.80058651026393
24193,28258,10.23,10.23,10.23,10.23,0.0,10.23,2015-03-09,HIK,-0.8276036400404448,-0.8276036400404448
24194,28259,10.23,10.23,10.23,10.23,0.0,10.23,2015-03-10,HIK,0.0,0.0
24195,28260,10.23,10.23,10.23,10.23,0.0,10.23,2015-03-11,HIK,0.0,0.0
24196,28261,10.23,10.23,10.23,10.23,0.0,10.23,2015-03-12,HIK,0.0,0.0
24197,28262,61.27,61.27,61.27,61.27,0.0,61.27,2015-03-13,HIK,4.98924731182796,4.98924731182796
24198,28263,10.23,10.23,10.23,10.23,0.0,10.23,2015-03-16,HIK,-0.833034111310592,-0.833034111310592
24199,28264,10.23,10.23,10.23,10.23,0.0,10.23,2015-03-17,HIK,0.0,0.0
24200,28265,10.23,10.23,10.23,10.23,0.0,10.23,2015-03-18,HIK,0.0,0.0
24201,28266,10.23,10.23,10.23,10.23,0.0,10.23,2015-03-19,HIK,0.0,0.0
24202,28267,62.360001000000004,62.360001000000004,62.360001000000004,62.360001000000004,0.0,62.360001000000004,2015-03-20,HIK,5.09579677419355,5.09579677419355
24203,28268,10.23,10.23,10.23,10.23,0.0,10.23,2015-03-23,HIK,-0.835952536306085,-0.835952536306085
24204,28269,10.23,10.23,10.23,10.23,0.0,10.23,2015-03-24,HIK,0.0,0.0
24205,28270,10.23,10.23,10.23,10.23,0.0,10.23,2015-03-25,HIK,0.0,0.0
24206,28271,10.23,10.23,10.23,10.23,0.0,10.23,2015-03-26,HIK,0.0,0.0
24207,28272,,,,,,,2015-03-27,HIK,,
24208,28273,10.23,10.23,10.23,10.23,0.0,10.23,2015-03-30,HIK,,
24209,28274,10.23,10.23,10.23,10.23,0.0,10.23,2015-03-31,HIK,0.0,0.0
24210,28275,10.23,10.23,10.23,10.23,0.0,10.23,2015-04-01,HIK,0.0,0.0
24211,28276,10.23,10.23,10.23,10.23,0.0,10.23,2015-04-02,HIK,0.0,0.0
24212,28277,10.23,10.23,10.23,10.23,0.0,10.23,2015-04-06,HIK,0.0,0.0
24213,28278,10.23,10.23,10.23,10.23,0.0,10.23,2015-04-07,HIK,0.0,0.0
24214,28279,10.23,10.23,10.23,10.23,0.0,10.23,2015-04-08,HIK,0.0,0.0
24215,28280,10.23,10.23,10.23,10.23,0.0,10.23,2015-04-09,HIK,0.0,0.0
24216,28281,,,,,,,2015-04-10,HIK,,
24217,28282,10.23,10.23,10.23,10.23,0.0,10.23,2015-04-13,HIK,,
24218,28283,10.23,10.23,10.23,10.23,0.0,10.23,2015-04-14,HIK,0.0,0.0
24219,28284,10.23,10.23,10.23,10.23,0.0,10.23,2015-04-15,HIK,0.0,0.0
24220,28285,10.23,10.23,10.23,10.23,0.0,10.23,2015-04-16,HIK,0.0,0.0
24221,28286,,,,,,,2015-04-17,HIK,,
24222,28287,10.23,10.23,10.23,10.23,0.0,10.23,2015-04-20,HIK,,
24223,28288,10.23,10.23,10.23,10.23,0.0,10.23,2015-04-21,HIK,0.0,0.0
24224,28289,10.23,10.23,10.23,10.23,0.0,10.23,2015-04-22,HIK,0.0,0.0
24225,28290,10.23,10.23,10.23,10.23,0.0,10.23,2015-04-23,HIK,0.0,0.0
24226,28291,,,,,,,2015-04-24,HIK,,
24227,28292,10.23,10.23,10.23,10.23,0.0,10.23,2015-04-27,HIK,,
24228,28293,10.23,10.23,10.23,10.23,0.0,10.23,2015-04-28,HIK,0.0,0.0
24229,28294,10.23,10.23,10.23,10.23,0.0,10.23,2015-04-29,HIK,0.0,0.0
24230,28295,10.23,10.23,10.23,10.23,0.0,10.23,2015-04-30,HIK,0.0,0.0
24231,28296,,,,,,,2015-05-01,HIK,,
24232,28297,10.23,10.23,10.23,10.23,0.0,10.23,2015-05-04,HIK,,
24233,28298,10.23,10.23,10.23,10.23,0.0,10.23,2015-05-05,HIK,0.0,0.0
24234,28299,10.23,10.23,10.23,10.23,0.0,10.23,2015-05-06,HIK,0.0,0.0
24235,28300,10.23,10.23,10.23,10.23,0.0,10.23,2015-05-07,HIK,0.0,0.0
24236,28301,,,,,,,2015-05-08,HIK,,
24237,28302,10.23,10.23,10.23,10.23,0.0,10.23,2015-05-11,HIK,,
24238,28303,10.23,10.23,10.23,10.23,0.0,10.23,2015-05-12,HIK,0.0,0.0
24239,28304,10.23,10.23,10.23,10.23,0.0,10.23,2015-05-13,HIK,0.0,0.0
24240,28305,10.23,10.23,10.23,10.23,0.0,10.23,2015-05-14,HIK,0.0,0.0
24241,28306,,,,,,,2015-05-15,HIK,,
24242,28307,10.23,10.23,10.23,10.23,0.0,10.23,2015-05-18,HIK,,
24243,28308,10.23,10.23,10.23,10.23,0.0,10.23,2015-05-19,HIK,0.0,0.0
24244,28309,10.23,10.23,10.23,10.23,0.0,10.23,2015-05-20,HIK,0.0,0.0
24245,28310,10.23,10.23,10.23,10.23,0.0,10.23,2015-05-21,HIK,0.0,0.0
24246,28311,,,,,,,2015-05-22,HIK,,
24247,28312,10.23,10.23,10.23,10.23,0.0,10.23,2015-05-26,HIK,,
24248,28313,10.23,10.23,10.23,10.23,0.0,10.23,2015-05-27,HIK,0.0,0.0
24249,28314,10.23,10.23,10.23,10.23,0.0,10.23,2015-05-28,HIK,0.0,0.0
24250,28315,,,,,,,2015-05-29,HIK,,
24251,28316,10.23,10.23,10.23,10.23,0.0,10.23,2015-06-01,HIK,,
24252,28317,10.23,10.23,10.23,10.23,0.0,10.23,2015-06-02,HIK,0.0,0.0
24253,28318,10.23,10.23,10.23,10.23,0.0,10.23,2015-06-03,HIK,0.0,0.0
24254,28319,10.23,10.23,10.23,10.23,0.0,10.23,2015-06-04,HIK,0.0,0.0
24255,28320,61.860001000000004,61.860001000000004,61.860001000000004,61.860001000000004,0.0,61.860001000000004,2015-06-05,HIK,5.04692091886608,5.04692091886608
24256,28321,10.23,10.23,10.23,10.23,0.0,10.23,2015-06-08,HIK,-0.8346265788130199,-0.8346265788130199
24257,28322,10.23,10.23,10.23,10.23,0.0,10.23,2015-06-09,HIK,0.0,0.0
24258,28323,10.23,10.23,10.23,10.23,0.0,10.23,2015-06-10,HIK,0.0,0.0
24259,28324,10.23,10.23,10.23,10.23,0.0,10.23,2015-06-11,HIK,0.0,0.0
24260,28325,,,,,,,2015-06-12,HIK,,
24261,28326,10.23,10.23,10.23,10.23,0.0,10.23,2015-06-15,HIK,,
24262,28327,10.23,10.23,10.23,10.23,0.0,10.23,2015-06-16,HIK,0.0,0.0
24263,28328,10.23,10.23,10.23,10.23,0.0,10.23,2015-06-17,HIK,0.0,0.0
24264,28329,10.23,10.23,10.23,10.23,0.0,10.23,2015-06-18,HIK,0.0,0.0
24265,28330,,,,,,,2015-06-19,HIK,,
24266,28331,10.23,10.23,10.23,10.23,0.0,10.23,2015-06-22,HIK,,
24267,28332,10.23,10.23,10.23,10.23,0.0,10.23,2015-06-23,HIK,0.0,0.0
24268,28333,10.23,10.23,10.23,10.23,0.0,10.23,2015-06-24,HIK,0.0,0.0
24269,28334,10.23,10.23,10.23,10.23,0.0,10.23,2015-06-25,HIK,0.0,0.0
24270,28335,,,,,,,2015-06-26,HIK,,
24271,28336,10.23,10.23,10.23,10.23,0.0,10.23,2015-06-29,HIK,,
24272,28337,10.23,10.23,10.23,10.23,0.0,10.23,2015-06-30,HIK,0.0,0.0
24273,28338,10.23,10.23,10.23,10.23,0.0,10.23,2015-07-01,HIK,0.0,0.0
24274,28339,10.23,10.23,10.23,10.23,0.0,10.23,2015-07-02,HIK,0.0,0.0
24275,28340,10.23,10.23,10.23,10.23,0.0,10.23,2015-07-06,HIK,0.0,0.0
24276,28341,10.23,10.23,10.23,10.23,0.0,10.23,2015-07-07,HIK,0.0,0.0
24277,28342,10.23,10.23,10.23,10.23,0.0,10.23,2015-07-08,HIK,0.0,0.0
24278,28343,10.23,10.23,10.23,10.23,0.0,10.23,2015-07-09,HIK,0.0,0.0
24279,28344,60.860001000000004,60.860001000000004,60.860001000000004,60.860001000000004,0.0,60.860001000000004,2015-07-10,HIK,4.949169208211139,4.949169208211139
24280,28345,10.23,10.23,10.23,10.23,0.0,10.23,2015-07-13,HIK,-0.8319093027947859,-0.8319093027947859
24281,28346,10.23,10.23,10.23,10.23,0.0,10.23,2015-07-14,HIK,0.0,0.0
24282,28347,10.23,10.23,10.23,10.23,0.0,10.23,2015-07-15,HIK,0.0,0.0
24283,28348,10.23,10.23,10.23,10.23,0.0,10.23,2015-07-16,HIK,0.0,0.0
24284,28349,,,,,,,2015-07-17,HIK,,
24285,28350,10.23,10.23,10.23,10.23,0.0,10.23,2015-07-20,HIK,,
24286,28351,10.23,10.23,10.23,10.23,0.0,10.23,2015-07-21,HIK,0.0,0.0
24287,28352,10.23,10.23,10.23,10.23,0.0,10.23,2015-07-22,HIK,0.0,0.0
24288,28353,10.23,10.23,10.23,10.23,0.0,10.23,2015-07-23,HIK,0.0,0.0
24289,28354,,,,,,,2015-07-24,HIK,,
24290,28355,10.23,10.23,10.23,10.23,0.0,10.23,2015-07-27,HIK,,
24291,28356,10.23,10.23,10.23,10.23,0.0,10.23,2015-07-28,HIK,0.0,0.0
24292,28357,10.23,10.23,10.23,10.23,0.0,10.23,2015-07-29,HIK,0.0,0.0
24293,28358,10.23,10.23,10.23,10.23,0.0,10.23,2015-07-30,HIK,0.0,0.0
24294,28359,,,,,,,2015-07-31,HIK,,
24295,28360,10.23,10.23,10.23,10.23,0.0,10.23,2015-08-03,HIK,,
24296,28361,10.23,10.23,10.23,10.23,0.0,10.23,2015-08-04,HIK,0.0,0.0
24297,28362,10.23,10.23,10.23,10.23,0.0,10.23,2015-08-05,HIK,0.0,0.0
24298,28363,10.23,10.23,10.23,10.23,0.0,10.23,2015-08-06,HIK,0.0,0.0
24299,28364,,,,,,,2015-08-07,HIK,,
24300,28365,10.23,10.23,10.23,10.23,0.0,10.23,2015-08-10,HIK,,
24301,28366,10.23,10.23,10.23,10.23,0.0,10.23,2015-08-11,HIK,0.0,0.0
24302,28367,10.23,10.23,10.23,10.23,0.0,10.23,2015-08-12,HIK,0.0,0.0
24303,28368,10.23,10.23,10.23,10.23,0.0,10.23,2015-08-13,HIK,0.0,0.0
24304,28369,,,,,,,2015-08-14,HIK,,
24305,28370,10.23,10.23,10.23,10.23,0.0,10.23,2015-08-17,HIK,,
24306,28371,10.23,10.23,10.23,10.23,0.0,10.23,2015-08-18,HIK,0.0,0.0
24307,28372,10.23,10.23,10.23,10.23,0.0,10.23,2015-08-19,HIK,0.0,0.0
24308,28373,10.23,10.23,10.23,10.23,0.0,10.23,2015-08-20,HIK,0.0,0.0
24309,28374,,,,,,,2015-08-21,HIK,,
24310,28375,10.23,10.23,10.23,10.23,0.0,10.23,2015-08-24,HIK,,
24311,28376,10.23,10.23,10.23,10.23,0.0,10.23,2015-08-25,HIK,0.0,0.0
24312,28377,10.23,10.23,10.23,10.23,0.0,10.23,2015-08-26,HIK,0.0,0.0
24313,28378,10.23,10.23,10.23,10.23,0.0,10.23,2015-08-27,HIK,0.0,0.0
24314,28379,,,,,,,2015-08-28,HIK,,
24315,28380,10.23,10.23,10.23,10.23,0.0,10.23,2015-08-31,HIK,,
24316,28381,10.23,10.23,10.23,10.23,0.0,10.23,2015-09-01,HIK,0.0,0.0
24317,28382,10.23,10.23,10.23,10.23,0.0,10.23,2015-09-02,HIK,0.0,0.0
24318,28383,10.23,10.23,10.23,10.23,0.0,10.23,2015-09-03,HIK,0.0,0.0
24319,28384,,,,,,,2015-09-04,HIK,,
24320,28385,10.23,10.23,10.23,10.23,0.0,10.23,2015-09-08,HIK,,
24321,28386,10.23,10.23,10.23,10.23,0.0,10.23,2015-09-09,HIK,0.0,0.0
24322,28387,10.23,10.23,10.23,10.23,0.0,10.23,2015-09-10,HIK,0.0,0.0
24323,28388,,,,,,,2015-09-11,HIK,,
24324,28389,10.23,10.23,10.23,10.23,0.0,10.23,2015-09-14,HIK,,
24325,28390,10.23,10.23,10.23,10.23,0.0,10.23,2015-09-15,HIK,0.0,0.0
24326,28391,10.23,10.23,10.23,10.23,0.0,10.23,2015-09-16,HIK,0.0,0.0
24327,28392,10.23,10.23,10.23,10.23,0.0,10.23,2015-09-17,HIK,0.0,0.0
24328,28393,,,,,,,2015-09-18,HIK,,
24329,28394,10.23,10.23,10.23,10.23,0.0,10.23,2015-09-21,HIK,,
24330,28395,10.23,10.23,10.23,10.23,0.0,10.23,2015-09-22,HIK,0.0,0.0
24331,28396,10.23,10.23,10.23,10.23,0.0,10.23,2015-09-23,HIK,0.0,0.0
24332,28397,10.23,10.23,10.23,10.23,0.0,10.23,2015-09-24,HIK,0.0,0.0
24333,28398,,,,,,,2015-09-25,HIK,,
24334,28399,10.23,10.23,10.23,10.23,0.0,10.23,2015-09-28,HIK,,
24335,28400,10.23,10.23,10.23,10.23,0.0,10.23,2015-09-29,HIK,0.0,0.0
24336,28401,10.23,10.23,10.23,10.23,0.0,10.23,2015-09-30,HIK,0.0,0.0
24337,28402,10.23,10.23,10.23,10.23,0.0,10.23,2015-10-01,HIK,0.0,0.0
24338,28403,,,,,,,2015-10-02,HIK,,
24339,28404,10.23,10.23,10.23,10.23,0.0,10.23,2015-10-05,HIK,,
24340,28405,10.23,10.23,10.23,10.23,0.0,10.23,2015-10-06,HIK,0.0,0.0
24341,28406,10.23,10.23,10.23,10.23,0.0,10.23,2015-10-07,HIK,0.0,0.0
24342,28407,10.23,10.23,10.23,10.23,0.0,10.23,2015-10-08,HIK,0.0,0.0
24343,28408,,,,,,,2015-10-09,HIK,,
24344,28409,10.23,10.23,10.23,10.23,0.0,10.23,2015-10-12,HIK,,
24345,28410,10.23,10.23,10.23,10.23,0.0,10.23,2015-10-13,HIK,0.0,0.0
24346,28411,10.23,10.23,10.23,10.23,0.0,10.23,2015-10-14,HIK,0.0,0.0
24347,28412,10.23,10.23,10.23,10.23,0.0,10.23,2015-10-15,HIK,0.0,0.0
24348,28413,64.199997,64.199997,64.199997,64.199997,0.0,64.199997,2015-10-16,HIK,5.27565953079179,5.27565953079179
24349,28414,10.23,10.23,10.23,10.23,0.0,10.23,2015-10-19,HIK,-0.8406541981614108,-0.8406541981614108
24350,28415,10.23,10.23,10.23,10.23,0.0,10.23,2015-10-20,HIK,0.0,0.0
24351,28416,10.23,10.23,10.23,10.23,0.0,10.23,2015-10-21,HIK,0.0,0.0
24352,28417,10.23,10.23,10.23,10.23,0.0,10.23,2015-10-22,HIK,0.0,0.0
24353,28418,66.307999,67.70300300000001,66.307999,67.70300300000001,0.0,67.70300300000001,2015-10-23,HIK,5.618084359726289,5.618084359726289
24354,28419,10.23,10.23,10.23,10.23,0.0,10.23,2015-10-26,HIK,-0.848898873806233,-0.848898873806233
24355,28420,10.23,10.23,10.23,10.23,0.0,10.23,2015-10-27,HIK,0.0,0.0
24356,28421,10.23,10.23,10.23,10.23,0.0,10.23,2015-10-28,HIK,0.0,0.0
24357,28422,10.23,10.23,10.23,10.23,0.0,10.23,2015-10-29,HIK,0.0,0.0
24358,28423,,,,,,,2015-10-30,HIK,,
24359,28424,10.23,10.23,10.23,10.23,0.0,10.23,2015-11-02,HIK,,
24360,28425,10.23,10.23,10.23,10.23,0.0,10.23,2015-11-03,HIK,0.0,0.0
24361,28426,10.23,10.23,10.23,10.23,0.0,10.23,2015-11-04,HIK,0.0,0.0
24362,28427,10.23,10.23,10.23,10.23,0.0,10.23,2015-11-05,HIK,0.0,0.0
24363,28428,,,,,,,2015-11-06,HIK,,
24364,28429,10.23,10.23,10.23,10.23,0.0,10.23,2015-11-09,HIK,,
24365,28430,10.23,10.23,10.23,10.23,0.0,10.23,2015-11-10,HIK,0.0,0.0
24366,28431,10.23,10.23,10.23,10.23,0.0,10.23,2015-11-11,HIK,0.0,0.0
24367,28432,10.23,10.23,10.23,10.23,0.0,10.23,2015-11-12,HIK,0.0,0.0
24368,28433,65.029999,65.029999,65.029999,65.029999,0.0,65.029999,2015-11-13,HIK,5.35679364613881,5.35679364613881
24369,28434,10.23,10.23,10.23,10.23,0.0,10.23,2015-11-16,HIK,-0.84268798773932,-0.84268798773932
24370,28435,10.23,10.23,10.23,10.23,0.0,10.23,2015-11-17,HIK,0.0,0.0
24371,28436,10.23,10.23,10.23,10.23,0.0,10.23,2015-11-18,HIK,0.0,0.0
24372,28437,10.23,10.23,10.23,10.23,0.0,10.23,2015-11-19,HIK,0.0,0.0
24373,28438,66.18,66.309998,66.18,66.309998,60.0,66.309998,2015-11-20,HIK,5.48191573802541,5.48191573802541
24374,28439,10.23,10.23,10.23,10.23,0.0,10.23,2015-11-23,HIK,-0.845724622099973,-0.845724622099973
24375,28440,10.23,10.23,10.23,10.23,0.0,10.23,2015-11-24,HIK,0.0,0.0
24376,28441,10.23,10.23,10.23,10.23,0.0,10.23,2015-11-25,HIK,0.0,0.0
24377,28442,,,,,,,2015-11-27,HIK,,
24378,28443,10.23,10.23,10.23,10.23,0.0,10.23,2015-11-30,HIK,,
24379,28444,10.23,10.23,10.23,10.23,0.0,10.23,2015-12-01,HIK,0.0,0.0
24380,28445,10.23,10.23,10.23,10.23,0.0,10.23,2015-12-02,HIK,0.0,0.0
24381,28446,10.23,10.23,10.23,10.23,0.0,10.23,2015-12-03,HIK,0.0,0.0
24382,28447,,,,,,,2015-12-04,HIK,,
24383,28448,10.23,10.23,10.23,10.23,0.0,10.23,2015-12-07,HIK,,
24384,28449,10.23,10.23,10.23,10.23,0.0,10.23,2015-12-08,HIK,0.0,0.0
24385,28450,10.23,10.23,10.23,10.23,0.0,10.23,2015-12-09,HIK,0.0,0.0
24386,28451,10.23,10.23,10.23,10.23,0.0,10.23,2015-12-10,HIK,0.0,0.0
24387,28452,61.650002,61.650002,61.650002,61.650002,0.0,61.650002,2015-12-11,HIK,5.02639315738025,5.02639315738025
24388,28453,10.23,10.23,10.23,10.23,0.0,10.23,2015-12-14,HIK,-0.8340632657238192,-0.8340632657238192
24389,28454,10.23,10.23,10.23,10.23,0.0,10.23,2015-12-15,HIK,0.0,0.0
24390,28455,10.23,10.23,10.23,10.23,0.0,10.23,2015-12-16,HIK,0.0,0.0
24391,28456,10.23,10.23,10.23,10.23,0.0,10.23,2015-12-17,HIK,0.0,0.0
24392,28457,62.09,62.09,62.09,62.09,0.0,62.09,2015-12-18,HIK,5.0694037145649995,5.0694037145649995
24393,28458,10.23,10.23,10.23,10.23,0.0,10.23,2015-12-21,HIK,-0.835239168948301,-0.835239168948301
24394,28459,10.23,10.23,10.23,10.23,0.0,10.23,2015-12-22,HIK,0.0,0.0
24395,28460,10.23,10.23,10.23,10.23,0.0,10.23,2015-12-23,HIK,0.0,0.0
24396,28461,10.23,10.23,10.23,10.23,0.0,10.23,2015-12-24,HIK,0.0,0.0
24397,28462,10.23,10.23,10.23,10.23,0.0,10.23,2015-12-28,HIK,0.0,0.0
24398,28463,10.23,10.23,10.23,10.23,0.0,10.23,2015-12-29,HIK,0.0,0.0
24399,28464,10.23,10.23,10.23,10.23,0.0,10.23,2015-12-30,HIK,0.0,0.0
24400,28465,10.23,10.23,10.23,10.23,0.0,10.23,2015-12-31,HIK,0.0,0.0
24401,28466,10.23,10.23,10.23,10.23,0.0,10.23,2016-01-04,HIK,0.0,0.0
24402,28467,10.23,10.23,10.23,10.23,0.0,10.23,2016-01-05,HIK,0.0,0.0
24403,28468,10.23,10.23,10.23,10.23,0.0,10.23,2016-01-06,HIK,0.0,0.0
24404,28469,10.23,10.23,10.23,10.23,0.0,10.23,2016-01-07,HIK,0.0,0.0
24405,28470,,,,,,,2016-01-08,HIK,,
24406,28471,10.23,10.23,10.23,10.23,0.0,10.23,2016-01-11,HIK,,
24407,28472,10.23,10.23,10.23,10.23,0.0,10.23,2016-01-12,HIK,0.0,0.0
24408,28473,10.23,10.23,10.23,10.23,0.0,10.23,2016-01-13,HIK,0.0,0.0
24409,28474,10.23,10.23,10.23,10.23,0.0,10.23,2016-01-14,HIK,0.0,0.0
24410,28475,62.77,62.77,62.77,62.77,0.0,62.77,2016-01-15,HIK,5.13587487781036,5.13587487781036
24411,28476,10.23,10.23,10.23,10.23,0.0,10.23,2016-01-19,HIK,-0.8370240560777441,-0.8370240560777441
24412,28477,10.23,10.23,10.23,10.23,0.0,10.23,2016-01-20,HIK,0.0,0.0
24413,28478,10.23,10.23,10.23,10.23,0.0,10.23,2016-01-21,HIK,0.0,0.0
24414,28479,59.139998999999996,59.139998999999996,59.139998999999996,59.139998999999996,0.0,59.139998999999996,2016-01-22,HIK,4.781036070381231,4.781036070381231
24415,28480,10.23,10.23,10.23,10.23,0.0,10.23,2016-01-25,HIK,-0.8270206260909809,-0.8270206260909809
24416,28481,10.23,10.23,10.23,10.23,0.0,10.23,2016-01-26,HIK,0.0,0.0
24417,28482,10.23,10.23,10.23,10.23,0.0,10.23,2016-01-27,HIK,0.0,0.0
24418,28483,10.23,10.23,10.23,10.23,0.0,10.23,2016-01-28,HIK,0.0,0.0
24419,28484,59.369999,59.369999,59.369999,59.369999,0.0,59.369999,2016-01-29,HIK,4.80351896383187,4.80351896383187
24420,28485,10.23,10.23,10.23,10.23,0.0,10.23,2016-02-01,HIK,-0.827690750003213,-0.827690750003213
24421,28486,10.23,10.23,10.23,10.23,0.0,10.23,2016-02-02,HIK,0.0,0.0
24422,28487,10.23,10.23,10.23,10.23,0.0,10.23,2016-02-03,HIK,0.0,0.0
24423,28488,10.23,10.23,10.23,10.23,0.0,10.23,2016-02-04,HIK,0.0,0.0
24424,28489,57.790001000000004,57.790001000000004,57.790001000000004,57.790001000000004,0.0,57.790001000000004,2016-02-05,HIK,4.64907145650049,4.64907145650049
24425,28490,10.23,10.23,10.23,10.23,0.0,10.23,2016-02-08,HIK,-0.822979757345912,-0.822979757345912
24426,28491,10.23,10.23,10.23,10.23,0.0,10.23,2016-02-09,HIK,0.0,0.0
24427,28492,10.23,10.23,10.23,10.23,0.0,10.23,2016-02-10,HIK,0.0,0.0
24428,28493,10.23,10.23,10.23,10.23,0.0,10.23,2016-02-11,HIK,0.0,0.0
24429,28494,53.810001,53.810001,53.810001,53.810001,0.0,53.810001,2016-02-12,HIK,4.26001964809384,4.26001964809384
24430,28495,10.23,10.23,10.23,10.23,0.0,10.23,2016-02-16,HIK,-0.8098866417043922,-0.8098866417043922
24431,28496,10.23,10.23,10.23,10.23,0.0,10.23,2016-02-17,HIK,0.0,0.0
24432,28497,10.23,10.23,10.23,10.23,0.0,10.23,2016-02-18,HIK,0.0,0.0
24433,28498,61.150002,61.150002,61.150002,61.150002,0.0,61.150002,2016-02-19,HIK,4.97751730205279,4.97751730205279
24434,28499,10.23,10.23,10.23,10.23,0.0,10.23,2016-02-22,HIK,-0.8327064649973359,-0.8327064649973359
24435,28500,10.23,10.23,10.23,10.23,0.0,10.23,2016-02-23,HIK,0.0,0.0
24436,28501,10.23,10.23,10.23,10.23,0.0,10.23,2016-02-24,HIK,0.0,0.0
24437,28502,10.23,10.23,10.23,10.23,0.0,10.23,2016-02-25,HIK,0.0,0.0
24438,28503,63.0,63.0,63.0,63.0,0.0,63.0,2016-02-26,HIK,5.1583577712610005,5.1583577712610005
24439,28504,10.23,10.23,10.23,10.23,0.0,10.23,2016-02-29,HIK,-0.8376190476190479,-0.8376190476190479
24440,28505,10.23,10.23,10.23,10.23,0.0,10.23,2016-03-01,HIK,0.0,0.0
24441,28506,10.23,10.23,10.23,10.23,0.0,10.23,2016-03-02,HIK,0.0,0.0
24442,28507,10.23,10.23,10.23,10.23,0.0,10.23,2016-03-03,HIK,0.0,0.0
24443,28508,66.160004,66.160004,66.160004,66.160004,0.0,66.160004,2016-03-04,HIK,5.4672535679374406,5.4672535679374406
24444,28509,10.23,10.23,10.23,10.23,0.0,10.23,2016-03-07,HIK,-0.845374858199827,-0.845374858199827
24445,28510,10.23,10.23,10.23,10.23,0.0,10.23,2016-03-08,HIK,0.0,0.0
24446,28511,10.23,10.23,10.23,10.23,0.0,10.23,2016-03-09,HIK,0.0,0.0
24447,28512,10.23,10.23,10.23,10.23,0.0,10.23,2016-03-10,HIK,0.0,0.0
24448,28513,65.709999,65.709999,65.709999,65.709999,0.0,65.709999,2016-03-11,HIK,5.42326480938416,5.42326480938416
24449,28514,10.23,10.23,10.23,10.23,0.0,10.23,2016-03-14,HIK,-0.844315931278587,-0.844315931278587
24450,28515,10.23,10.23,10.23,10.23,0.0,10.23,2016-03-15,HIK,0.0,0.0
24451,28516,10.23,10.23,10.23,10.23,0.0,10.23,2016-03-16,HIK,0.0,0.0
24452,28517,10.23,10.23,10.23,10.23,0.0,10.23,2016-03-17,HIK,0.0,0.0
24453,28518,,,,,,,2016-03-18,HIK,,
24454,28519,10.23,10.23,10.23,10.23,0.0,10.23,2016-03-21,HIK,,
24455,28520,10.23,10.23,10.23,10.23,0.0,10.23,2016-03-22,HIK,0.0,0.0
24456,28521,10.23,10.23,10.23,10.23,0.0,10.23,2016-03-23,HIK,0.0,0.0
24457,28522,10.23,10.23,10.23,10.23,0.0,10.23,2016-03-24,HIK,0.0,0.0
24458,28523,10.23,10.23,10.23,10.23,0.0,10.23,2016-03-28,HIK,0.0,0.0
24459,28524,10.23,10.23,10.23,10.23,0.0,10.23,2016-03-29,HIK,0.0,0.0
24460,28525,10.23,10.23,10.23,10.23,0.0,10.23,2016-03-30,HIK,0.0,0.0
24461,28526,10.23,10.23,10.23,10.23,0.0,10.23,2016-03-31,HIK,0.0,0.0
24462,28527,,,,,,,2016-04-01,HIK,,
24463,28528,10.23,10.23,10.23,10.23,0.0,10.23,2016-04-04,HIK,,
24464,28529,10.23,10.23,10.23,10.23,0.0,10.23,2016-04-05,HIK,0.0,0.0
24465,28530,10.23,10.23,10.23,10.23,0.0,10.23,2016-04-06,HIK,0.0,0.0
24466,28531,10.23,10.23,10.23,10.23,0.0,10.23,2016-04-07,HIK,0.0,0.0
24467,28532,65.309998,65.309998,65.309998,65.309998,0.0,65.309998,2016-04-08,HIK,5.38416402737048,5.38416402737048
24468,28533,10.23,10.23,10.23,10.23,0.0,10.23,2016-04-11,HIK,-0.8433624205592529,-0.8433624205592529
24469,28534,10.23,10.23,10.23,10.23,0.0,10.23,2016-04-12,HIK,0.0,0.0
24470,28535,10.23,10.23,10.23,10.23,0.0,10.23,2016-04-13,HIK,0.0,0.0
24471,28536,10.23,10.23,10.23,10.23,0.0,10.23,2016-04-14,HIK,0.0,0.0
24472,28537,66.769997,66.769997,66.769997,66.769997,0.0,66.769997,2016-04-15,HIK,5.52688142717498,5.52688142717498
24473,28538,10.23,10.23,10.23,10.23,0.0,10.23,2016-04-18,HIK,-0.8467874725230259,-0.8467874725230259
24474,28539,10.23,10.23,10.23,10.23,0.0,10.23,2016-04-19,HIK,0.0,0.0
24475,28540,10.23,10.23,10.23,10.23,0.0,10.23,2016-04-20,HIK,0.0,0.0
24476,28541,10.23,10.23,10.23,10.23,0.0,10.23,2016-04-21,HIK,0.0,0.0
24477,28542,66.470001,66.470001,66.470001,66.470001,0.0,66.470001,2016-04-22,HIK,5.4975563049853395,5.4975563049853395
24478,28543,10.23,10.23,10.23,10.23,0.0,10.23,2016-04-25,HIK,-0.8460959854656841,-0.8460959854656841
24479,28544,10.23,10.23,10.23,10.23,0.0,10.23,2016-04-26,HIK,0.0,0.0
24480,28545,10.23,10.23,10.23,10.23,0.0,10.23,2016-04-27,HIK,0.0,0.0
24481,28546,10.23,10.23,10.23,10.23,0.0,10.23,2016-04-28,HIK,0.0,0.0
24482,28547,65.470001,65.470001,65.470001,65.470001,0.0,65.470001,2016-04-29,HIK,5.3998045943304005,5.3998045943304005
24483,28548,10.23,10.23,10.23,10.23,0.0,10.23,2016-05-02,HIK,-0.843745229208107,-0.843745229208107
24484,28549,10.23,10.23,10.23,10.23,0.0,10.23,2016-05-03,HIK,0.0,0.0
24485,28550,10.23,10.23,10.23,10.23,0.0,10.23,2016-05-04,HIK,0.0,0.0
24486,28551,10.23,10.23,10.23,10.23,0.0,10.23,2016-05-05,HIK,0.0,0.0
24487,28552,65.860001,65.860001,65.860001,65.860001,0.0,65.860001,2016-05-06,HIK,5.43792776148583,5.43792776148583
24488,28553,10.23,10.23,10.23,10.23,0.0,10.23,2016-05-09,HIK,-0.8446705155683191,-0.8446705155683191
24489,28554,10.23,10.23,10.23,10.23,0.0,10.23,2016-05-10,HIK,0.0,0.0
24490,28555,10.23,10.23,10.23,10.23,0.0,10.23,2016-05-11,HIK,0.0,0.0
24491,28556,10.23,10.23,10.23,10.23,0.0,10.23,2016-05-12,HIK,0.0,0.0
24492,28557,67.0,67.0,67.0,67.0,0.0,67.0,2016-05-13,HIK,5.549364613880741,5.549364613880741
24493,28558,10.23,10.23,10.23,10.23,0.0,10.23,2016-05-16,HIK,-0.847313432835821,-0.847313432835821
24494,28559,10.23,10.23,10.23,10.23,0.0,10.23,2016-05-17,HIK,0.0,0.0
24495,28560,10.23,10.23,10.23,10.23,0.0,10.23,2016-05-18,HIK,0.0,0.0
24496,28561,10.23,10.23,10.23,10.23,0.0,10.23,2016-05-19,HIK,0.0,0.0
24497,28562,,,,,,,2016-05-20,HIK,,
24498,28563,10.23,10.23,10.23,10.23,0.0,10.23,2016-05-23,HIK,,
24499,28564,10.23,10.23,10.23,10.23,0.0,10.23,2016-05-24,HIK,0.0,0.0
24500,28565,10.23,10.23,10.23,10.23,0.0,10.23,2016-05-25,HIK,0.0,0.0
24501,28566,10.23,10.23,10.23,10.23,0.0,10.23,2016-05-26,HIK,0.0,0.0
24502,28567,72.650002,72.650002,72.650002,72.650002,0.0,72.650002,2016-05-27,HIK,6.101661974584559,6.101661974584559
24503,28568,10.23,10.23,10.23,10.23,0.0,10.23,2016-05-31,HIK,-0.8591878910065269,-0.8591878910065269
24504,28569,10.23,10.23,10.23,10.23,0.0,10.23,2016-06-01,HIK,0.0,0.0
24505,28570,10.23,10.23,10.23,10.23,0.0,10.23,2016-06-02,HIK,0.0,0.0
24506,28571,72.699997,72.699997,72.699997,72.699997,0.0,72.699997,2016-06-03,HIK,6.10654907135875,6.10654907135875
24507,28572,10.23,10.23,10.23,10.23,0.0,10.23,2016-06-06,HIK,-0.859284725967733,-0.859284725967733
24508,28573,10.23,10.23,10.23,10.23,0.0,10.23,2016-06-07,HIK,0.0,0.0
24509,28574,10.23,10.23,10.23,10.23,0.0,10.23,2016-06-08,HIK,0.0,0.0
24510,28575,10.23,10.23,10.23,10.23,0.0,10.23,2016-06-09,HIK,0.0,0.0
24511,28576,72.480003,72.480003,72.480003,72.480003,0.0,72.480003,2016-06-10,HIK,6.08504428152493,6.08504428152493
24512,28577,10.23,10.23,10.23,10.23,0.0,10.23,2016-06-13,HIK,-0.8588576217360258,-0.8588576217360258
24513,28578,10.23,10.23,10.23,10.23,0.0,10.23,2016-06-14,HIK,0.0,0.0
24514,28579,10.23,10.23,10.23,10.23,0.0,10.23,2016-06-15,HIK,0.0,0.0
24515,28580,10.23,10.23,10.23,10.23,0.0,10.23,2016-06-16,HIK,0.0,0.0
24516,28581,71.239998,71.239998,71.239998,71.239998,0.0,71.239998,2016-06-17,HIK,5.963831671554249,5.963831671554249
24517,28582,10.23,10.23,10.23,10.23,0.0,10.23,2016-06-20,HIK,-0.856400894340283,-0.856400894340283
24518,28583,10.23,10.23,10.23,10.23,0.0,10.23,2016-06-21,HIK,0.0,0.0
24519,28584,10.23,10.23,10.23,10.23,0.0,10.23,2016-06-22,HIK,0.0,0.0
24520,28585,10.23,10.23,10.23,10.23,0.0,10.23,2016-06-23,HIK,0.0,0.0
24521,28586,67.75,67.75,67.75,67.75,20.0,67.75,2016-06-24,HIK,5.62267839687194,5.62267839687194
24522,28587,10.23,10.23,10.23,10.23,0.0,10.23,2016-06-27,HIK,-0.8490036900369,-0.8490036900369
24523,28588,10.23,10.23,10.23,10.23,0.0,10.23,2016-06-28,HIK,0.0,0.0
24524,28589,10.23,10.23,10.23,10.23,0.0,10.23,2016-06-29,HIK,0.0,0.0
24525,28590,10.23,10.23,10.23,10.23,0.0,10.23,2016-06-30,HIK,0.0,0.0
24526,28591,,,,,,,2016-07-01,HIK,,
24527,28592,10.23,10.23,10.23,10.23,0.0,10.23,2016-07-05,HIK,,
24528,28593,10.23,10.23,10.23,10.23,0.0,10.23,2016-07-06,HIK,0.0,0.0
24529,28594,10.23,10.23,10.23,10.23,0.0,10.23,2016-07-07,HIK,0.0,0.0
24530,28595,,,,,,,2016-07-08,HIK,,
24531,28596,10.23,10.23,10.23,10.23,0.0,10.23,2016-07-11,HIK,,
24532,28597,10.23,10.23,10.23,10.23,0.0,10.23,2016-07-12,HIK,0.0,0.0
24533,28598,10.23,10.23,10.23,10.23,0.0,10.23,2016-07-13,HIK,0.0,0.0
24534,28599,10.23,10.23,10.23,10.23,0.0,10.23,2016-07-14,HIK,0.0,0.0
24535,28600,,,,,,,2016-07-15,HIK,,
24536,28601,10.23,10.23,10.23,10.23,0.0,10.23,2016-07-18,HIK,,
24537,28602,10.23,10.23,10.23,10.23,0.0,10.23,2016-07-19,HIK,0.0,0.0
24538,28603,10.23,10.23,10.23,10.23,0.0,10.23,2016-07-20,HIK,0.0,0.0
24539,28604,10.23,10.23,10.23,10.23,0.0,10.23,2016-07-21,HIK,0.0,0.0
24540,28605,72.760002,72.760002,72.760002,72.760002,0.0,72.760002,2016-07-22,HIK,6.112414662756599,6.112414662756599
24541,28606,10.23,10.23,10.23,10.23,0.0,10.23,2016-07-25,HIK,-0.859400773518395,-0.859400773518395
24542,28607,10.23,10.23,10.23,10.23,0.0,10.23,2016-07-26,HIK,0.0,0.0
24543,28608,10.23,10.23,10.23,10.23,0.0,10.23,2016-07-27,HIK,0.0,0.0
24544,28609,10.23,10.23,10.23,10.23,0.0,10.23,2016-07-28,HIK,0.0,0.0
24545,28610,,,,,,,2016-07-29,HIK,,
24546,28611,10.23,10.23,10.23,10.23,0.0,10.23,2016-08-01,HIK,,
24547,28612,10.23,10.23,10.23,10.23,0.0,10.23,2016-08-02,HIK,0.0,0.0
24548,28613,10.23,10.23,10.23,10.23,0.0,10.23,2016-08-03,HIK,0.0,0.0
24549,28614,10.23,10.23,10.23,10.23,0.0,10.23,2016-08-04,HIK,0.0,0.0
24550,28615,,,,,,,2016-08-05,HIK,,
24551,28616,10.23,10.23,10.23,10.23,0.0,10.23,2016-08-08,HIK,,
24552,28617,10.23,10.23,10.23,10.23,0.0,10.23,2016-08-09,HIK,0.0,0.0
24553,28618,10.23,10.23,10.23,10.23,0.0,10.23,2016-08-10,HIK,0.0,0.0
24554,28619,10.23,10.23,10.23,10.23,0.0,10.23,2016-08-11,HIK,0.0,0.0
24555,28620,,,,,,,2016-08-12,HIK,,
24556,28621,10.23,10.23,10.23,10.23,0.0,10.23,2016-08-15,HIK,,
24557,28622,10.23,10.23,10.23,10.23,0.0,10.23,2016-08-16,HIK,0.0,0.0
24558,28623,10.23,10.23,10.23,10.23,0.0,10.23,2016-08-17,HIK,0.0,0.0
24559,28624,10.23,10.23,10.23,10.23,0.0,10.23,2016-08-18,HIK,0.0,0.0
24560,28625,76.400002,76.400002,76.400002,76.400002,0.0,76.400002,2016-08-19,HIK,6.468230889540569,6.468230889540569
24561,28626,10.23,10.23,10.23,10.23,0.0,10.23,2016-08-22,HIK,-0.86609947994504,-0.86609947994504
24562,28627,10.23,10.23,10.23,10.23,0.0,10.23,2016-08-23,HIK,0.0,0.0
24563,28628,10.23,10.23,10.23,10.23,0.0,10.23,2016-08-24,HIK,0.0,0.0
24564,28629,10.23,10.23,10.23,10.23,0.0,10.23,2016-08-25,HIK,0.0,0.0
24565,28630,81.639999,81.639999,81.639999,81.639999,0.0,81.639999,2016-08-26,HIK,6.980449560117299,6.980449560117299
24566,28631,10.23,10.23,10.23,10.23,0.0,10.23,2016-08-29,HIK,-0.874693776025157,-0.874693776025157
24567,28632,10.23,10.23,10.23,10.23,0.0,10.23,2016-08-30,HIK,0.0,0.0
24568,28633,10.23,10.23,10.23,10.23,0.0,10.23,2016-08-31,HIK,0.0,0.0
24569,28634,10.23,10.23,10.23,10.23,0.0,10.23,2016-09-01,HIK,0.0,0.0
24570,28635,80.529999,80.529999,80.529999,80.529999,0.0,80.529999,2016-09-02,HIK,6.87194516129032,6.87194516129032
24571,28636,10.23,10.23,10.23,10.23,0.0,10.23,2016-09-06,HIK,-0.8729665947220491,-0.8729665947220491
24572,28637,10.23,10.23,10.23,10.23,0.0,10.23,2016-09-07,HIK,0.0,0.0
24573,28638,10.23,10.23,10.23,10.23,0.0,10.23,2016-09-08,HIK,0.0,0.0
24574,28639,79.779999,79.779999,79.779999,79.779999,0.0,79.779999,2016-09-09,HIK,6.79863137829912,6.79863137829912
24575,28640,10.23,10.23,10.23,10.23,0.0,10.23,2016-09-12,HIK,-0.8717723724213129,-0.8717723724213129
24576,28641,10.23,10.23,10.23,10.23,0.0,10.23,2016-09-13,HIK,0.0,0.0
24577,28642,10.23,10.23,10.23,10.23,0.0,10.23,2016-09-14,HIK,0.0,0.0
24578,28643,10.23,10.23,10.23,10.23,0.0,10.23,2016-09-15,HIK,0.0,0.0
24579,28644,78.83000200000001,78.83000200000001,78.83000200000001,78.83000200000001,0.0,78.83000200000001,2016-09-16,HIK,6.70576754643206,6.70576754643206
24580,28645,10.23,10.23,10.23,10.23,0.0,10.23,2016-09-19,HIK,-0.870227074204565,-0.870227074204565
24581,28646,10.23,10.23,10.23,10.23,0.0,10.23,2016-09-20,HIK,0.0,0.0
24582,28647,10.23,10.23,10.23,10.23,0.0,10.23,2016-09-21,HIK,0.0,0.0
24583,28648,10.23,10.23,10.23,10.23,0.0,10.23,2016-09-22,HIK,0.0,0.0
24584,28649,81.43,81.43,81.43,81.43,0.0,81.43,2016-09-23,HIK,6.9599217986314805,6.9599217986314805
24585,28650,10.23,10.23,10.23,10.23,0.0,10.23,2016-09-26,HIK,-0.8743706250767529,-0.8743706250767529
24586,28651,10.23,10.23,10.23,10.23,0.0,10.23,2016-09-27,HIK,0.0,0.0
24587,28652,10.23,10.23,10.23,10.23,0.0,10.23,2016-09-28,HIK,0.0,0.0
24588,28653,10.23,10.23,10.23,10.23,0.0,10.23,2016-09-29,HIK,0.0,0.0
24589,28654,81.989998,81.989998,81.989998,81.989998,0.0,81.989998,2016-09-30,HIK,7.014662561094821,7.014662561094821
24590,28655,10.23,10.23,10.23,10.23,0.0,10.23,2016-10-03,HIK,-0.8752286833816,-0.8752286833816
24591,28656,10.23,10.23,10.23,10.23,0.0,10.23,2016-10-04,HIK,0.0,0.0
24592,28657,10.23,10.23,10.23,10.23,0.0,10.23,2016-10-05,HIK,0.0,0.0
24593,28658,10.23,10.23,10.23,10.23,0.0,10.23,2016-10-06,HIK,0.0,0.0
24594,28659,78.400002,78.400002,78.400002,78.400002,0.0,78.400002,2016-10-07,HIK,6.66373431085044,6.66373431085044
24595,28660,10.23,10.23,10.23,10.23,0.0,10.23,2016-10-10,HIK,-0.86951530945114,-0.86951530945114
24596,28661,10.23,10.23,10.23,10.23,0.0,10.23,2016-10-11,HIK,0.0,0.0
24597,28662,10.23,10.23,10.23,10.23,0.0,10.23,2016-10-12,HIK,0.0,0.0
24598,28663,10.23,10.23,10.23,10.23,0.0,10.23,2016-10-13,HIK,0.0,0.0
24599,28664,81.389999,81.389999,81.389999,81.389999,0.0,81.389999,2016-10-14,HIK,6.956011632453571,6.956011632453571
24600,28665,10.23,10.23,10.23,10.23,0.0,10.23,2016-10-17,HIK,-0.874308881610872,-0.874308881610872
24601,28666,10.23,10.23,10.23,10.23,0.0,10.23,2016-10-18,HIK,0.0,0.0
24602,28667,10.23,10.23,10.23,10.23,0.0,10.23,2016-10-19,HIK,0.0,0.0
24603,28668,10.23,10.23,10.23,10.23,0.0,10.23,2016-10-20,HIK,0.0,0.0
24604,28669,81.110001,81.110001,81.110001,81.110001,0.0,81.110001,2016-10-21,HIK,6.928641348973611,6.928641348973611
24605,28670,10.23,10.23,10.23,10.23,0.0,10.23,2016-10-24,HIK,-0.873874986143817,-0.873874986143817
24606,28671,10.23,10.23,10.23,10.23,0.0,10.23,2016-10-25,HIK,0.0,0.0
24607,28672,10.23,10.23,10.23,10.23,0.0,10.23,2016-10-26,HIK,0.0,0.0
24608,28673,10.23,10.23,10.23,10.23,0.0,10.23,2016-10-27,HIK,0.0,0.0
24609,28674,81.040001,81.040001,81.040001,81.040001,0.0,81.040001,2016-10-28,HIK,6.92179872922776,6.92179872922776
24610,28675,10.23,10.23,10.23,10.23,0.0,10.23,2016-10-31,HIK,-0.873766043018682,-0.873766043018682
24611,28676,10.23,10.23,10.23,10.23,0.0,10.23,2016-11-01,HIK,0.0,0.0
24612,28677,10.23,10.23,10.23,10.23,0.0,10.23,2016-11-02,HIK,0.0,0.0
24613,28678,10.23,10.23,10.23,10.23,0.0,10.23,2016-11-03,HIK,0.0,0.0
24614,28679,81.760002,81.760002,81.760002,81.760002,0.0,81.760002,2016-11-04,HIK,6.99218005865103,6.99218005865103
24615,28680,10.23,10.23,10.23,10.23,0.0,10.23,2016-11-07,HIK,-0.87487769386307,-0.87487769386307
24616,28681,10.23,10.23,10.23,10.23,0.0,10.23,2016-11-08,HIK,0.0,0.0
24617,28682,10.23,10.23,10.23,10.23,0.0,10.23,2016-11-09,HIK,0.0,0.0
24618,28683,10.23,10.23,10.23,10.23,0.0,10.23,2016-11-10,HIK,0.0,0.0
24619,28684,79.029999,79.029999,79.029999,79.029999,0.0,79.029999,2016-11-11,HIK,6.72531759530792,6.72531759530792
24620,28685,10.23,10.23,10.23,10.23,0.0,10.23,2016-11-14,HIK,-0.870555483620846,-0.870555483620846
24621,28686,10.23,10.23,10.23,10.23,0.0,10.23,2016-11-15,HIK,0.0,0.0
24622,28687,10.23,10.23,10.23,10.23,0.0,10.23,2016-11-16,HIK,0.0,0.0
24623,28688,10.23,10.23,10.23,10.23,0.0,10.23,2016-11-17,HIK,0.0,0.0
24624,28689,76.889999,76.889999,76.889999,76.889999,0.0,76.889999,2016-11-18,HIK,6.51612893450635,6.51612893450635
24625,28690,10.23,10.23,10.23,10.23,0.0,10.23,2016-11-21,HIK,-0.8669527879692129,-0.8669527879692129
24626,28691,10.23,10.23,10.23,10.23,0.0,10.23,2016-11-22,HIK,0.0,0.0
24627,28692,10.23,10.23,10.23,10.23,0.0,10.23,2016-11-23,HIK,0.0,0.0
24628,28693,79.16999799999999,79.16999799999999,79.16999799999999,79.16999799999999,0.0,79.16999799999999,2016-11-25,HIK,6.7390027370479,6.7390027370479
24629,28694,10.23,10.23,10.23,10.23,0.0,10.23,2016-11-28,HIK,-0.8707843847615101,-0.8707843847615101
24630,28695,10.23,10.23,10.23,10.23,0.0,10.23,2016-11-29,HIK,0.0,0.0
24631,28696,10.23,10.23,10.23,10.23,0.0,10.23,2016-11-30,HIK,0.0,0.0
24632,28697,10.23,10.23,10.23,10.23,0.0,10.23,2016-12-01,HIK,0.0,0.0
24633,28698,81.239998,81.239998,81.239998,81.239998,0.0,81.239998,2016-12-02,HIK,6.941348778103619,6.941348778103619
24634,28699,10.23,10.23,10.23,10.23,0.0,10.23,2016-12-05,HIK,-0.8740768063534421,-0.8740768063534421
24635,28700,10.23,10.23,10.23,10.23,0.0,10.23,2016-12-06,HIK,0.0,0.0
24636,28701,10.23,10.23,10.23,10.23,0.0,10.23,2016-12-07,HIK,0.0,0.0
24637,28702,10.23,10.23,10.23,10.23,0.0,10.23,2016-12-08,HIK,0.0,0.0
24638,28703,85.540001,85.540001,85.540001,85.540001,0.0,85.540001,2016-12-09,HIK,7.361681427174981,7.361681427174981
24639,28704,10.23,10.23,10.23,10.23,0.0,10.23,2016-12-12,HIK,-0.8804068286134341,-0.8804068286134341
24640,28705,10.23,10.23,10.23,10.23,0.0,10.23,2016-12-13,HIK,0.0,0.0
24641,28706,10.23,10.23,10.23,10.23,0.0,10.23,2016-12-14,HIK,0.0,0.0
24642,28707,10.23,10.23,10.23,10.23,0.0,10.23,2016-12-15,HIK,0.0,0.0
24643,28708,87.43,87.43,87.43,87.43,0.0,87.43,2016-12-16,HIK,7.5464320625611,7.5464320625611
24644,28709,10.23,10.23,10.23,10.23,0.0,10.23,2016-12-19,HIK,-0.882992107972092,-0.882992107972092
24645,28710,10.23,10.23,10.23,10.23,0.0,10.23,2016-12-20,HIK,0.0,0.0
24646,28711,10.23,10.23,10.23,10.23,0.0,10.23,2016-12-21,HIK,0.0,0.0
24647,28712,10.23,10.23,10.23,10.23,0.0,10.23,2016-12-22,HIK,0.0,0.0
24648,28713,87.75,87.75,87.75,87.75,0.0,87.75,2016-12-23,HIK,7.5777126099706695,7.5777126099706695
24649,28714,10.23,10.23,10.23,10.23,0.0,10.23,2016-12-27,HIK,-0.883418803418803,-0.883418803418803
24650,28715,10.23,10.23,10.23,10.23,0.0,10.23,2016-12-28,HIK,0.0,0.0
24651,28716,10.23,10.23,10.23,10.23,0.0,10.23,2016-12-29,HIK,0.0,0.0
24652,28717,86.260002,86.260002,86.260002,86.260002,0.0,86.260002,2016-12-30,HIK,7.43206275659824,7.43206275659824
24653,28718,10.23,10.23,10.23,10.23,0.0,10.23,2017-01-03,HIK,-0.881405057236145,-0.881405057236145
24654,28719,10.23,10.23,10.23,10.23,0.0,10.23,2017-01-04,HIK,0.0,0.0
24655,28720,10.23,10.23,10.23,10.23,0.0,10.23,2017-01-05,HIK,0.0,0.0
24656,28721,87.650002,87.650002,87.650002,87.650002,0.0,87.650002,2017-01-06,HIK,7.567937634408599,7.567937634408599
24657,28722,10.23,10.23,10.23,10.23,0.0,10.23,2017-01-09,HIK,-0.8832857984418531,-0.8832857984418531
24658,28723,10.23,10.23,10.23,10.23,0.0,10.23,2017-01-10,HIK,0.0,0.0
24659,28724,10.23,10.23,10.23,10.23,0.0,10.23,2017-01-11,HIK,0.0,0.0
24660,28725,10.23,10.23,10.23,10.23,0.0,10.23,2017-01-12,HIK,0.0,0.0
24661,28726,,,,,,,2017-01-13,HIK,,
24662,28727,10.23,10.23,10.23,10.23,0.0,10.23,2017-01-17,HIK,,
24663,28728,10.23,10.23,10.23,10.23,0.0,10.23,2017-01-18,HIK,0.0,0.0
24664,28729,10.23,10.23,10.23,10.23,0.0,10.23,2017-01-19,HIK,0.0,0.0
24665,28730,,,,,,,2017-01-20,HIK,,
24666,28731,10.23,10.23,10.23,10.23,0.0,10.23,2017-01-23,HIK,,
24667,28732,10.23,10.23,10.23,10.23,0.0,10.23,2017-01-24,HIK,0.0,0.0
24668,28733,10.23,10.23,10.23,10.23,0.0,10.23,2017-01-25,HIK,0.0,0.0
24669,28734,10.23,10.23,10.23,10.23,0.0,10.23,2017-01-26,HIK,0.0,0.0
24670,28735,83.510002,83.510002,83.510002,83.510002,0.0,83.510002,2017-01-27,HIK,7.163245552297161,7.163245552297161
24671,28736,10.23,10.23,10.23,10.23,0.0,10.23,2017-01-30,HIK,-0.877499703568442,-0.877499703568442
24672,28737,10.23,10.23,10.23,10.23,0.0,10.23,2017-01-31,HIK,0.0,0.0
24673,28738,10.23,10.23,10.23,10.23,0.0,10.23,2017-02-01,HIK,0.0,0.0
24674,28739,10.23,10.23,10.23,10.23,0.0,10.23,2017-02-02,HIK,0.0,0.0
24675,28740,84.790001,84.790001,84.790001,84.790001,0.0,84.790001,2017-02-03,HIK,7.2883676441837695,7.2883676441837695
24676,28741,10.23,10.23,10.23,10.23,0.0,10.23,2017-02-06,HIK,-0.8793489812554671,-0.8793489812554671
24677,28742,10.23,10.23,10.23,10.23,0.0,10.23,2017-02-07,HIK,0.0,0.0
24678,28743,10.23,10.23,10.23,10.23,0.0,10.23,2017-02-08,HIK,0.0,0.0
24679,28744,10.23,10.23,10.23,10.23,0.0,10.23,2017-02-09,HIK,0.0,0.0
24680,28745,87.269997,87.269997,87.269997,87.269997,0.0,87.269997,2017-02-10,HIK,7.53079149560117,7.53079149560117
24681,28746,10.23,10.23,10.23,10.23,0.0,10.23,2017-02-13,HIK,-0.8827775827699409,-0.8827775827699409
24682,28747,10.23,10.23,10.23,10.23,0.0,10.23,2017-02-14,HIK,0.0,0.0
24683,28748,10.23,10.23,10.23,10.23,0.0,10.23,2017-02-15,HIK,0.0,0.0
24684,28749,10.23,10.23,10.23,10.23,0.0,10.23,2017-02-16,HIK,0.0,0.0
24685,28750,,,,,,,2017-02-17,HIK,,
24686,28751,10.23,10.23,10.23,10.23,0.0,10.23,2017-02-21,HIK,,
24687,28752,10.23,10.23,10.23,10.23,0.0,10.23,2017-02-22,HIK,0.0,0.0
24688,28753,10.23,10.23,10.23,10.23,0.0,10.23,2017-02-23,HIK,0.0,0.0
24689,28754,,,,,,,2017-02-24,HIK,,
24690,28755,10.23,10.23,10.23,10.23,0.0,10.23,2017-02-27,HIK,,
24691,28756,10.23,10.23,10.23,10.23,0.0,10.23,2017-02-28,HIK,0.0,0.0
24692,28757,10.23,10.23,10.23,10.23,0.0,10.23,2017-03-01,HIK,0.0,0.0
24693,28758,10.23,10.23,10.23,10.23,0.0,10.23,2017-03-02,HIK,0.0,0.0
24694,28759,,,,,,,2017-03-03,HIK,,
24695,28760,10.23,10.23,10.23,10.23,0.0,10.23,2017-03-06,HIK,,
24696,28761,10.23,10.23,10.23,10.23,0.0,10.23,2017-03-07,HIK,0.0,0.0
24697,28762,10.23,10.23,10.23,10.23,0.0,10.23,2017-03-08,HIK,0.0,0.0
24698,28763,10.23,10.23,10.23,10.23,0.0,10.23,2017-03-09,HIK,0.0,0.0
24699,28764,90.720001,90.720001,90.720001,90.720001,0.0,90.720001,2017-03-10,HIK,7.86803528836755,7.86803528836755
24700,28765,10.23,10.23,10.23,10.23,0.0,10.23,2017-03-13,HIK,-0.8872354509784449,-0.8872354509784449
24701,28766,10.23,10.23,10.23,10.23,0.0,10.23,2017-03-14,HIK,0.0,0.0
24702,28767,10.23,10.23,10.23,10.23,0.0,10.23,2017-03-15,HIK,0.0,0.0
24703,28768,10.23,10.23,10.23,10.23,0.0,10.23,2017-03-16,HIK,0.0,0.0
24704,28769,,,,,,,2017-03-17,HIK,,
24705,28770,10.23,10.23,10.23,10.23,0.0,10.23,2017-03-20,HIK,,
24706,28771,10.23,10.23,10.23,10.23,0.0,10.23,2017-03-21,HIK,0.0,0.0
24707,28772,10.23,10.23,10.23,10.23,0.0,10.23,2017-03-22,HIK,0.0,0.0
24708,28773,10.23,10.23,10.23,10.23,0.0,10.23,2017-03-23,HIK,0.0,0.0
24709,28774,,,,,,,2017-03-24,HIK,,
24710,28775,10.23,10.23,10.23,10.23,0.0,10.23,2017-03-27,HIK,,
24711,28776,10.23,10.23,10.23,10.23,0.0,10.23,2017-03-28,HIK,0.0,0.0
24712,28777,10.23,10.23,10.23,10.23,0.0,10.23,2017-03-29,HIK,0.0,0.0
24713,28778,10.23,10.23,10.23,10.23,0.0,10.23,2017-03-30,HIK,0.0,0.0
24714,28779,,,,,,,2017-03-31,HIK,,
24715,28780,10.23,10.23,10.23,10.23,0.0,10.23,2017-04-03,HIK,,
24716,28781,10.23,10.23,10.23,10.23,0.0,10.23,2017-04-04,HIK,0.0,0.0
24717,28782,10.23,10.23,10.23,10.23,0.0,10.23,2017-04-05,HIK,0.0,0.0
24718,28783,10.23,10.23,10.23,10.23,0.0,10.23,2017-04-06,HIK,0.0,0.0
24719,28784,,,,,,,2017-04-07,HIK,,
24720,28785,10.23,10.23,10.23,10.23,0.0,10.23,2017-04-10,HIK,,
24721,28786,10.23,10.23,10.23,10.23,0.0,10.23,2017-04-11,HIK,0.0,0.0
24722,28787,10.23,10.23,10.23,10.23,0.0,10.23,2017-04-12,HIK,0.0,0.0
24723,28788,10.23,10.23,10.23,10.23,0.0,10.23,2017-04-13,HIK,0.0,0.0
24724,28789,10.23,10.23,10.23,10.23,0.0,10.23,2017-04-17,HIK,0.0,0.0
24725,28790,10.23,10.23,10.23,10.23,0.0,10.23,2017-04-18,HIK,0.0,0.0
24726,28791,10.23,10.23,10.23,10.23,0.0,10.23,2017-04-19,HIK,0.0,0.0
24727,28792,10.23,10.23,10.23,10.23,0.0,10.23,2017-04-20,HIK,0.0,0.0
24728,28793,,,,,,,2017-04-21,HIK,,
24729,28794,10.23,10.23,10.23,10.23,0.0,10.23,2017-04-24,HIK,,
24730,28795,10.23,10.23,10.23,10.23,0.0,10.23,2017-04-25,HIK,0.0,0.0
24731,28796,10.23,10.23,10.23,10.23,0.0,10.23,2017-04-26,HIK,0.0,0.0
24732,28797,10.23,10.23,10.23,10.23,0.0,10.23,2017-04-27,HIK,0.0,0.0
24733,28798,,,,,,,2017-04-28,HIK,,
24734,28799,10.23,10.23,10.23,10.23,0.0,10.23,2017-05-01,HIK,,
24735,28800,10.23,10.23,10.23,10.23,0.0,10.23,2017-05-02,HIK,0.0,0.0
24736,28801,10.23,10.23,10.23,10.23,0.0,10.23,2017-05-03,HIK,0.0,0.0
24737,28802,10.23,10.23,10.23,10.23,0.0,10.23,2017-05-04,HIK,0.0,0.0
24738,28803,,,,,,,2017-05-05,HIK,,
24739,28804,10.23,10.23,10.23,10.23,0.0,10.23,2017-05-08,HIK,,
24740,28805,10.23,10.23,10.23,10.23,0.0,10.23,2017-05-09,HIK,0.0,0.0
24741,28806,10.23,10.23,10.23,10.23,0.0,10.23,2017-05-10,HIK,0.0,0.0
24742,28807,10.23,10.23,10.23,10.23,0.0,10.23,2017-05-11,HIK,0.0,0.0
24743,28808,,,,,,,2017-05-12,HIK,,
24744,28809,10.23,10.23,10.23,10.23,0.0,10.23,2017-05-15,HIK,,
24745,28810,10.23,10.23,10.23,10.23,0.0,10.23,2017-05-16,HIK,0.0,0.0
24746,28811,10.23,10.23,10.23,10.23,0.0,10.23,2017-05-17,HIK,0.0,0.0
24747,28812,10.23,10.23,10.23,10.23,0.0,10.23,2017-05-18,HIK,0.0,0.0
24748,28813,,,,,,,2017-05-19,HIK,,
24749,28814,10.23,10.23,10.23,10.23,0.0,10.23,2017-05-22,HIK,,
24750,28815,10.23,10.23,10.23,10.23,0.0,10.23,2017-05-23,HIK,0.0,0.0
24751,28816,10.23,10.23,10.23,10.23,0.0,10.23,2017-05-24,HIK,0.0,0.0
24752,28817,10.23,10.23,10.23,10.23,0.0,10.23,2017-05-25,HIK,0.0,0.0
24753,28818,,,,,,,2017-05-26,HIK,,
24754,28819,10.23,10.23,10.23,10.23,0.0,10.23,2017-05-30,HIK,,
24755,28820,10.23,10.23,10.23,10.23,0.0,10.23,2017-05-31,HIK,0.0,0.0
24756,28821,10.23,10.23,10.23,10.23,0.0,10.23,2017-06-01,HIK,0.0,0.0
24757,28822,,,,,,,2017-06-02,HIK,,
24758,28823,10.23,10.23,10.23,10.23,0.0,10.23,2017-06-05,HIK,,
24759,28824,10.23,10.23,10.23,10.23,0.0,10.23,2017-06-06,HIK,0.0,0.0
24760,28825,10.23,10.23,10.23,10.23,0.0,10.23,2017-06-07,HIK,0.0,0.0
24761,28826,10.23,10.23,10.23,10.23,0.0,10.23,2017-06-08,HIK,0.0,0.0
24762,28827,,,,,,,2017-06-09,HIK,,
24763,28828,10.23,10.23,10.23,10.23,0.0,10.23,2017-06-12,HIK,,
24764,28829,10.23,10.23,10.23,10.23,0.0,10.23,2017-06-13,HIK,0.0,0.0
24765,28830,10.23,10.23,10.23,10.23,0.0,10.23,2017-06-14,HIK,0.0,0.0
24766,28831,10.23,10.23,10.23,10.23,0.0,10.23,2017-06-15,HIK,0.0,0.0
24767,28832,,,,,,,2017-06-16,HIK,,
24768,28833,10.23,10.23,10.23,10.23,0.0,10.23,2017-06-19,HIK,,
24769,28834,10.23,10.23,10.23,10.23,0.0,10.23,2017-06-20,HIK,0.0,0.0
24770,28835,10.23,10.23,10.23,10.23,0.0,10.23,2017-06-21,HIK,0.0,0.0
24771,28836,10.23,10.23,10.23,10.23,0.0,10.23,2017-06-22,HIK,0.0,0.0
24772,28837,,,,,,,2017-06-23,HIK,,
24773,28838,10.23,10.23,10.23,10.23,0.0,10.23,2017-06-26,HIK,,
24774,28839,10.23,10.23,10.23,10.23,0.0,10.23,2017-06-27,HIK,0.0,0.0
24775,28840,10.23,10.23,10.23,10.23,0.0,10.23,2017-06-28,HIK,0.0,0.0
24776,28841,10.23,10.23,10.23,10.23,0.0,10.23,2017-06-29,HIK,0.0,0.0
24777,28842,,,,,,,2017-06-30,HIK,,
24778,28843,10.23,10.23,10.23,10.23,0.0,10.23,2017-07-03,HIK,,
24779,28844,10.23,10.23,10.23,10.23,0.0,10.23,2017-07-05,HIK,0.0,0.0
24780,28845,10.23,10.23,10.23,10.23,0.0,10.23,2017-07-06,HIK,0.0,0.0
24781,28846,,,,,,,2017-07-07,HIK,,
24782,28847,10.23,10.23,10.23,10.23,0.0,10.23,2017-07-10,HIK,,
24783,28848,10.23,10.23,10.23,10.23,0.0,10.23,2017-07-11,HIK,0.0,0.0
24784,28849,10.23,10.23,10.23,10.23,0.0,10.23,2017-07-12,HIK,0.0,0.0
24785,28850,10.23,10.23,10.23,10.23,0.0,10.23,2017-07-13,HIK,0.0,0.0
24786,28851,,,,,,,2017-07-14,HIK,,
24787,28852,10.23,10.23,10.23,10.23,0.0,10.23,2017-07-17,HIK,,
24788,28853,10.23,10.23,10.23,10.23,0.0,10.23,2017-07-18,HIK,0.0,0.0
24789,28854,10.23,10.23,10.23,10.23,0.0,10.23,2017-07-19,HIK,0.0,0.0
24790,28855,10.23,10.23,10.23,10.23,0.0,10.23,2017-07-20,HIK,0.0,0.0
24791,28856,,,,,,,2017-07-21,HIK,,
24792,28857,10.23,10.23,10.23,10.23,0.0,10.23,2017-07-24,HIK,,
24793,28858,10.23,10.23,10.23,10.23,0.0,10.23,2017-07-25,HIK,0.0,0.0
24794,28859,10.23,10.23,10.23,10.23,0.0,10.23,2017-07-26,HIK,0.0,0.0
24795,28860,10.23,10.23,10.23,10.23,0.0,10.23,2017-07-27,HIK,0.0,0.0
24796,28861,,,,,,,2017-07-28,HIK,,
24797,28862,10.23,10.23,10.23,10.23,0.0,10.23,2017-07-31,HIK,,
24798,28863,10.23,10.23,10.23,10.23,0.0,10.23,2017-08-01,HIK,0.0,0.0
24799,28864,10.23,10.23,10.23,10.23,0.0,10.23,2017-08-02,HIK,0.0,0.0
24800,28865,10.23,10.23,10.23,10.23,0.0,10.23,2017-08-03,HIK,0.0,0.0
24801,28866,,,,,,,2017-08-04,HIK,,
24802,28867,,,,,,,2017-08-07,HIK,,
24803,28868,,,,,,,2017-08-08,HIK,,
24804,28869,,,,,,,2017-08-09,HIK,,
24805,28870,,,,,,,2017-08-10,HIK,,
24806,28871,,,,,,,2017-08-11,HIK,,
24807,28872,,,,,,,2017-08-14,HIK,,
24808,28873,,,,,,,2017-08-15,HIK,,
24809,28874,,,,,,,2017-08-16,HIK,,
24810,28875,,,,,,,2017-08-17,HIK,,
24811,28876,,,,,,,2017-08-18,HIK,,
24812,28877,,,,,,,2017-08-21,HIK,,
24813,28878,,,,,,,2017-08-22,HIK,,
24814,28879,,,,,,,2017-08-23,HIK,,
24815,28880,,,,,,,2017-08-24,HIK,,
24816,28881,,,,,,,2017-08-25,HIK,,
24817,28882,,,,,,,2017-08-28,HIK,,
24818,28883,,,,,,,2017-08-29,HIK,,
24819,28884,,,,,,,2017-08-30,HIK,,
24820,28885,10.23,10.23,10.23,10.23,0.0,10.23,2017-08-31,HIK,,
24821,28886,,,,,,,2017-09-01,HIK,,
24822,28887,,,,,,,2017-09-05,HIK,,
24823,28888,,,,,,,2017-09-06,HIK,,
24824,28889,,,,,,,2017-09-07,HIK,,
24825,28890,,,,,,,2017-09-08,HIK,,
24826,28891,,,,,,,2017-09-11,HIK,,
24827,28892,,,,,,,2017-09-12,HIK,,
24828,28893,,,,,,,2017-09-13,HIK,,
24829,28894,,,,,,,2017-09-14,HIK,,
24830,28895,,,,,,,2017-09-15,HIK,,
24831,28896,,,,,,,2017-09-18,HIK,,
24832,28897,,,,,,,2017-09-19,HIK,,
24833,28898,,,,,,,2017-09-20,HIK,,
24834,28899,10.23,10.23,10.23,10.23,0.0,10.23,2017-09-21,HIK,,
24835,28900,,,,,,,2017-09-22,HIK,,
24836,28901,,,,,,,2017-09-25,HIK,,
24837,28902,,,,,,,2017-09-26,HIK,,
24838,28903,,,,,,,2017-09-27,HIK,,
24839,28904,,,,,,,2017-09-28,HIK,,
24840,28905,,,,,,,2017-09-29,HIK,,
24841,28906,,,,,,,2017-10-02,HIK,,
24842,28907,,,,,,,2017-10-03,HIK,,
24843,28908,,,,,,,2017-10-04,HIK,,
24844,28909,,,,,,,2017-10-05,HIK,,
24845,28910,,,,,,,2017-10-06,HIK,,
24846,28911,,,,,,,2017-10-09,HIK,,
24847,28912,10.23,10.23,10.23,10.23,0.0,10.23,2017-10-10,HIK,,
24848,28913,10.23,10.23,10.23,10.23,0.0,10.23,2017-10-11,HIK,0.0,0.0
24849,28914,,,,,,,2017-10-12,HIK,,
24850,28915,,,,,,,2017-10-13,HIK,,
24851,28916,,,,,,,2017-10-16,HIK,,
24852,28917,,,,,,,2017-10-17,HIK,,
24853,28918,,,,,,,2017-10-18,HIK,,
24854,28919,,,,,,,2017-10-19,HIK,,
24855,28920,,,,,,,2017-10-20,HIK,,
24856,28921,,,,,,,2017-10-23,HIK,,
24857,28922,,,,,,,2017-10-24,HIK,,
24858,28923,,,,,,,2017-10-25,HIK,,
24859,28924,,,,,,,2017-10-26,HIK,,
24860,28925,,,,,,,2017-10-27,HIK,,
24861,28926,,,,,,,2017-10-30,HIK,,
24862,28927,,,,,,,2017-10-31,HIK,,
24863,28928,,,,,,,2017-11-01,HIK,,
24864,28929,,,,,,,2017-11-02,HIK,,
24865,28930,,,,,,,2017-11-03,HIK,,
24866,28931,,,,,,,2017-11-06,HIK,,
24867,28932,,,,,,,2017-11-07,HIK,,
24868,28933,,,,,,,2017-11-08,HIK,,
24869,28934,,,,,,,2017-11-09,HIK,,
24870,28935,,,,,,,2017-11-10,HIK,,
24871,28936,,,,,,,2017-11-13,HIK,,
24872,28937,,,,,,,2017-11-14,HIK,,
24873,28938,,,,,,,2017-11-15,HIK,,
24874,28939,,,,,,,2017-11-16,HIK,,
24875,28940,,,,,,,2017-11-17,HIK,,
24876,28941,,,,,,,2017-11-20,HIK,,
24877,28942,,,,,,,2017-11-21,HIK,,
24878,28943,,,,,,,2017-11-22,HIK,,
24879,28944,,,,,,,2017-11-24,HIK,,
24880,28945,,,,,,,2017-11-27,HIK,,
24881,28946,,,,,,,2017-11-28,HIK,,
24882,28947,,,,,,,2017-11-29,HIK,,
24883,28948,10.23,10.23,10.23,10.23,0.0,10.23,2017-11-30,HIK,,
24884,28949,,,,,,,2017-12-01,HIK,,
24885,28950,10.23,10.23,10.23,10.23,0.0,10.23,2017-12-04,HIK,,
24886,28951,,,,,,,2017-12-05,HIK,,
24887,28952,,,,,,,2017-12-06,HIK,,
24888,28953,,,,,,,2017-12-07,HIK,,
24889,28954,,,,,,,2017-12-08,HIK,,
24890,28955,,,,,,,2017-12-11,HIK,,
24891,28956,,,,,,,2017-12-12,HIK,,
24892,28957,10.23,10.23,10.23,10.23,0.0,10.23,2017-12-13,HIK,,
24893,28958,10.23,10.23,10.23,10.23,0.0,10.23,2017-12-14,HIK,0.0,0.0
24894,28959,,,,,,,2017-12-15,HIK,,
24895,28960,10.23,10.23,10.23,10.23,0.0,10.23,2017-12-18,HIK,,
24896,28961,10.23,10.23,10.23,10.23,0.0,10.23,2017-12-19,HIK,0.0,0.0
24897,28962,,,,,,,2017-12-20,HIK,,
24898,28963,,,,,,,2017-12-21,HIK,,
24899,28964,,,,,,,2017-12-22,HIK,,
24900,28965,,,,,,,2017-12-26,HIK,,
24901,28966,,,,,,,2017-12-27,HIK,,
24902,28967,,,,,,,2017-12-28,HIK,,
24903,28968,,,,,,,2017-12-29,HIK,,
24904,28969,10.23,10.23,10.23,10.23,0.0,10.23,2018-01-02,HIK,,
24905,28970,,,,,,,2018-01-03,HIK,,
24906,28971,,,,,,,2018-01-04,HIK,,
24907,28972,,,,,,,2018-01-05,HIK,,
24908,28973,,,,,,,2018-01-08,HIK,,
24909,28974,,,,,,,2018-01-09,HIK,,
24910,28975,,,,,,,2018-01-10,HIK,,
24911,28976,,,,,,,2018-01-11,HIK,,
24912,28977,,,,,,,2018-01-12,HIK,,
24913,28978,,,,,,,2018-01-16,HIK,,
24914,28979,,,,,,,2018-01-17,HIK,,
24915,28980,,,,,,,2018-01-18,HIK,,
24916,28981,,,,,,,2018-01-19,HIK,,
24917,28982,,,,,,,2018-01-22,HIK,,
24918,28983,,,,,,,2018-01-23,HIK,,
24919,28984,,,,,,,2018-01-24,HIK,,
24920,28985,,,,,,,2018-01-25,HIK,,
24921,28986,,,,,,,2018-01-26,HIK,,
24922,28987,,,,,,,2018-01-29,HIK,,
24923,28988,,,,,,,2018-01-30,HIK,,
24924,28989,,,,,,,2018-01-31,HIK,,
24925,28990,,,,,,,2018-02-01,HIK,,
24926,28991,,,,,,,2018-02-02,HIK,,
24927,28992,,,,,,,2018-02-05,HIK,,
24928,28993,,,,,,,2018-02-06,HIK,,
24929,28994,,,,,,,2018-02-07,HIK,,
24930,28995,,,,,,,2018-02-08,HIK,,
24931,28996,,,,,,,2018-02-09,HIK,,
24932,28997,,,,,,,2018-02-12,HIK,,
24933,28998,,,,,,,2018-02-13,HIK,,
24934,28999,,,,,,,2018-02-14,HIK,,
24935,29000,,,,,,,2018-02-15,HIK,,
24936,29001,,,,,,,2018-02-16,HIK,,
24937,29002,,,,,,,2018-02-20,HIK,,
24938,29003,,,,,,,2018-02-21,HIK,,
24939,29004,,,,,,,2018-02-22,HIK,,
24940,29005,,,,,,,2018-02-23,HIK,,
24941,29006,,,,,,,2018-02-26,HIK,,
24942,29007,,,,,,,2018-02-27,HIK,,
24943,29008,,,,,,,2018-02-28,HIK,,
24944,29009,,,,,,,2018-03-01,HIK,,
24945,29010,,,,,,,2018-03-02,HIK,,
24946,29011,,,,,,,2018-03-05,HIK,,
24947,29012,,,,,,,2018-03-06,HIK,,
24948,29013,,,,,,,2018-03-07,HIK,,
24949,29014,,,,,,,2018-03-08,HIK,,
24950,29015,,,,,,,2018-03-09,HIK,,
24951,29016,10.23,10.23,10.23,10.23,0.0,10.23,2018-03-12,HIK,,
24952,29017,,,,,,,2018-03-13,HIK,,
24953,29018,,,,,,,2018-03-14,HIK,,
24954,29019,,,,,,,2018-03-15,HIK,,
24955,29020,,,,,,,2018-03-16,HIK,,
24956,29021,,,,,,,2018-03-19,HIK,,
24957,29022,,,,,,,2018-03-20,HIK,,
24958,29023,,,,,,,2018-03-21,HIK,,
24959,29024,,,,,,,2018-03-22,HIK,,
24960,29025,,,,,,,2018-03-23,HIK,,
24961,29026,,,,,,,2018-03-26,HIK,,
24962,29027,,,,,,,2018-03-27,HIK,,
24963,29028,,,,,,,2018-03-28,HIK,,
24964,29029,,,,,,,2018-03-29,HIK,,
24965,29030,,,,,,,2018-04-02,HIK,,
24966,29031,,,,,,,2018-04-03,HIK,,
24967,29032,,,,,,,2018-04-04,HIK,,
24968,29033,,,,,,,2018-04-05,HIK,,
24969,29034,,,,,,,2018-04-06,HIK,,
24970,29035,,,,,,,2018-04-09,HIK,,
24971,29036,,,,,,,2018-04-10,HIK,,
24972,29037,,,,,,,2018-04-11,HIK,,
24973,29038,,,,,,,2018-04-12,HIK,,
24974,29039,,,,,,,2018-04-13,HIK,,
24975,29040,,,,,,,2018-04-16,HIK,,
24976,29041,,,,,,,2018-04-17,HIK,,
24977,29042,,,,,,,2018-04-18,HIK,,
24978,29043,,,,,,,2018-04-19,HIK,,
24979,29044,,,,,,,2018-04-20,HIK,,
24980,29045,,,,,,,2018-04-23,HIK,,
24981,29046,,,,,,,2018-04-24,HIK,,
24982,29047,,,,,,,2018-04-25,HIK,,
24983,29048,,,,,,,2018-04-26,HIK,,
24984,29049,,,,,,,2018-04-27,HIK,,
24985,29050,,,,,,,2018-04-30,HIK,,
24986,29051,,,,,,,2018-05-01,HIK,,
24987,29052,,,,,,,2018-05-02,HIK,,
24988,29053,,,,,,,2018-05-03,HIK,,
24989,29054,,,,,,,2018-05-04,HIK,,
24990,29055,,,,,,,2018-05-07,HIK,,
24991,29056,,,,,,,2018-05-08,HIK,,
24992,29057,,,,,,,2018-05-09,HIK,,
24993,29058,,,,,,,2018-05-10,HIK,,
24994,29059,,,,,,,2018-05-11,HIK,,
24995,29060,,,,,,,2018-05-14,HIK,,
24996,29061,,,,,,,2018-05-15,HIK,,
24997,29062,,,,,,,2018-05-16,HIK,,
24998,29063,,,,,,,2018-05-17,HIK,,
24999,29064,,,,,,,2018-05-18,HIK,,
25000,29065,,,,,,,2018-05-21,HIK,,
25001,29066,,,,,,,2018-05-22,HIK,,
25002,29067,,,,,,,2018-05-23,HIK,,
25003,29068,,,,,,,2018-05-24,HIK,,
25004,29069,,,,,,,2018-05-25,HIK,,
25005,29070,,,,,,,2018-05-29,HIK,,
25006,29071,,,,,,,2018-05-30,HIK,,
25007,29072,,,,,,,2018-05-31,HIK,,
25008,29073,,,,,,,2018-06-01,HIK,,
25009,29074,,,,,,,2018-06-04,HIK,,
25010,29075,,,,,,,2018-06-05,HIK,,
25011,29076,,,,,,,2018-06-06,HIK,,
25012,29077,,,,,,,2018-06-07,HIK,,
25013,29078,,,,,,,2018-06-08,HIK,,
25014,29079,,,,,,,2018-06-11,HIK,,
25015,29080,,,,,,,2018-06-12,HIK,,
25016,29081,10.23,10.23,10.23,10.23,0.0,10.23,2018-06-13,HIK,,
25017,29082,10.23,10.23,10.23,10.23,0.0,10.23,2018-06-14,HIK,0.0,0.0
25018,29083,,,,,,,2018-06-15,HIK,,
25019,29084,10.23,10.23,10.23,10.23,0.0,10.23,2018-06-18,HIK,,
25020,29085,,,,,,,2018-06-19,HIK,,
25021,29086,,,,,,,2018-06-20,HIK,,
25022,29087,,,,,,,2018-06-21,HIK,,
25023,29088,,,,,,,2018-06-22,HIK,,
25024,29089,10.23,10.23,10.23,10.23,0.0,10.23,2018-06-25,HIK,,
25025,29090,10.23,10.23,10.23,10.23,0.0,10.23,2018-06-26,HIK,0.0,0.0
25026,29091,10.23,10.23,10.23,10.23,0.0,10.23,2018-06-27,HIK,0.0,0.0
25027,29092,,,,,,,2018-06-28,HIK,,
25028,29093,,,,,,,2018-06-29,HIK,,
25029,29094,10.23,10.23,10.23,10.23,0.0,10.23,2018-07-02,HIK,,
25030,29095,,,,,,,2018-07-03,HIK,,
25031,29096,,,,,,,2018-07-05,HIK,,
25032,29097,,,,,,,2018-07-06,HIK,,
25033,29098,10.23,10.23,10.23,10.23,0.0,10.23,2018-07-09,HIK,,
25034,29099,,,,,,,2018-07-10,HIK,,
25035,29100,,,,,,,2018-07-11,HIK,,
25036,29101,,,,,,,2018-07-12,HIK,,
25037,29102,,,,,,,2018-07-13,HIK,,
25038,29103,,,,,,,2018-07-16,HIK,,
25039,29104,,,,,,,2018-07-17,HIK,,
25040,29105,,,,,,,2018-07-18,HIK,,
25041,29106,,,,,,,2018-07-19,HIK,,
25042,29107,,,,,,,2018-07-20,HIK,,
25043,29108,10.23,10.23,10.23,10.23,0.0,10.23,2018-07-23,HIK,,
25044,29109,,,,,,,2018-07-24,HIK,,
25045,29110,,,,,,,2018-07-25,HIK,,
25046,29111,,,,,,,2018-07-26,HIK,,
25047,29112,,,,,,,2018-07-27,HIK,,
25048,29113,10.23,10.23,10.23,10.23,0.0,10.23,2018-07-30,HIK,,
25049,29114,,,,,,,2018-07-31,HIK,,
25050,29115,,,,,,,2018-08-01,HIK,,
25051,29116,,,,,,,2018-08-02,HIK,,
25052,29117,,,,,,,2018-08-03,HIK,,
25053,29118,,,,,,,2018-08-06,HIK,,
25054,29119,,,,,,,2018-08-07,HIK,,
25055,29120,,,,,,,2018-08-08,HIK,,
25056,29121,,,,,,,2018-08-09,HIK,,
25057,29122,,,,,,,2018-08-10,HIK,,
25058,29123,,,,,,,2018-08-13,HIK,,
25059,29124,,,,,,,2018-08-14,HIK,,
25060,29125,,,,,,,2018-08-15,HIK,,
25061,29126,,,,,,,2018-08-16,HIK,,
25062,29127,,,,,,,2018-08-17,HIK,,
25063,29128,10.23,10.23,10.23,10.23,0.0,10.23,2018-08-20,HIK,,
25064,29129,10.23,10.23,10.23,10.23,0.0,10.23,2018-08-21,HIK,0.0,0.0
25065,29130,10.23,10.23,10.23,10.23,0.0,10.23,2018-08-22,HIK,0.0,0.0
25066,29131,10.23,10.23,10.23,10.23,0.0,10.23,2018-08-23,HIK,0.0,0.0
25067,29132,,,,,,,2018-08-24,HIK,,
25068,29133,,,,,,,2018-08-27,HIK,,
25069,29134,,,,,,,2018-08-28,HIK,,
25070,29135,,,,,,,2018-08-29,HIK,,
25071,29136,,,,,,,2018-08-30,HIK,,
25072,29137,,,,,,,2018-08-31,HIK,,
25073,29138,,,,,,,2018-09-04,HIK,,
25074,29139,,,,,,,2018-09-05,HIK,,
25075,29140,,,,,,,2018-09-06,HIK,,
25076,29141,,,,,,,2018-09-07,HIK,,
25077,29142,,,,,,,2018-09-10,HIK,,
25078,29143,10.23,10.23,10.23,10.23,0.0,10.23,2018-09-11,HIK,,
25079,29144,10.23,10.23,10.23,10.23,0.0,10.23,2018-09-12,HIK,0.0,0.0
25080,29145,10.23,10.23,10.23,10.23,0.0,10.23,2018-09-13,HIK,0.0,0.0
25081,29146,,,,,,,2018-09-14,HIK,,
25082,29147,10.23,10.23,10.23,10.23,0.0,10.23,2018-09-17,HIK,,
25083,29148,10.23,10.23,10.23,10.23,0.0,10.23,2018-09-18,HIK,0.0,0.0
25084,29149,,,,,,,2018-09-19,HIK,,
25085,29150,,,,,,,2018-09-20,HIK,,
25086,29151,,,,,,,2018-09-21,HIK,,
25087,29152,10.23,10.23,10.23,10.23,0.0,10.23,2018-09-24,HIK,,
25088,29153,10.23,10.23,10.23,10.23,0.0,10.23,2018-09-25,HIK,0.0,0.0
25089,29154,,,,,,,2018-09-26,HIK,,
25090,29155,,,,,,,2018-09-27,HIK,,
25091,29156,,,,,,,2018-09-28,HIK,,
25092,29157,,,,,,,2018-10-01,HIK,,
25093,29158,10.23,10.23,10.23,10.23,0.0,10.23,2018-10-02,HIK,,
25094,29159,,,,,,,2018-10-03,HIK,,
25095,29160,10.23,10.23,10.23,10.23,0.0,10.23,2018-10-04,HIK,,
25096,29161,,,,,,,2018-10-05,HIK,,
25097,29162,,,,,,,2018-10-08,HIK,,
25098,29163,,,,,,,2018-10-09,HIK,,
25099,29164,,,,,,,2018-10-10,HIK,,
25100,29165,10.23,10.23,10.23,10.23,0.0,10.23,2018-10-11,HIK,,
25101,29166,,,,,,,2018-10-12,HIK,,
25102,29167,,,,,,,2018-10-15,HIK,,
25103,29168,10.23,10.23,10.23,10.23,0.0,10.23,2018-10-16,HIK,,
25104,29169,10.23,10.23,10.23,10.23,0.0,10.23,2018-10-17,HIK,0.0,0.0
25105,29170,10.23,10.23,10.23,10.23,0.0,10.23,2018-10-18,HIK,0.0,0.0
25106,29171,,,,,,,2018-10-19,HIK,,
25107,29172,10.23,10.23,10.23,10.23,0.0,10.23,2018-10-22,HIK,,
25108,29173,10.23,10.23,10.23,10.23,0.0,10.23,2018-10-23,HIK,0.0,0.0
25109,29174,,,,,,,2018-10-24,HIK,,
25110,29175,,,,,,,2018-10-25,HIK,,
25111,29176,,,,,,,2018-10-26,HIK,,
25112,29177,,,,,,,2018-10-29,HIK,,
25113,29178,10.23,10.23,10.23,10.23,0.0,10.23,2018-10-30,HIK,,
25114,29179,10.23,10.23,10.23,10.23,0.0,10.23,2018-10-31,HIK,0.0,0.0
25115,29180,,,,,,,2018-11-01,HIK,,
25116,29181,,,,,,,2018-11-02,HIK,,
25117,29182,,,,,,,2018-11-05,HIK,,
25118,29183,,,,,,,2018-11-06,HIK,,
25119,29184,10.23,10.23,10.23,10.23,0.0,10.23,2018-11-07,HIK,,
25120,29185,10.23,10.23,10.23,10.23,0.0,10.23,2018-11-08,HIK,0.0,0.0
25121,29186,,,,,,,2018-11-09,HIK,,
25122,29187,,,,,,,2018-11-12,HIK,,
25123,29188,,,,,,,2018-11-13,HIK,,
25124,29189,,,,,,,2018-11-14,HIK,,
25125,29190,,,,,,,2018-11-15,HIK,,
25126,29191,,,,,,,2018-11-16,HIK,,
25127,29192,10.23,10.23,10.23,10.23,0.0,10.23,2018-11-19,HIK,,
25128,29193,10.23,10.23,10.23,10.23,0.0,10.23,2018-11-20,HIK,0.0,0.0
25129,29194,10.23,10.23,10.23,10.23,0.0,10.23,2018-11-21,HIK,0.0,0.0
25130,29195,,,,,,,2018-11-23,HIK,,
25131,29196,10.23,10.23,10.23,10.23,0.0,10.23,2018-11-26,HIK,,
25132,29197,10.23,10.23,10.23,10.23,0.0,10.23,2018-11-27,HIK,0.0,0.0
25133,29198,10.23,10.23,10.23,10.23,0.0,10.23,2018-11-28,HIK,0.0,0.0
25134,29199,10.23,10.23,10.23,10.23,0.0,10.23,2018-11-29,HIK,0.0,0.0
25135,29200,,,,,,,2018-11-30,HIK,,
25136,29201,10.23,10.23,10.23,10.23,0.0,10.23,2018-12-03,HIK,,
25137,29202,10.23,10.23,10.23,10.23,0.0,10.23,2018-12-04,HIK,0.0,0.0
25138,29203,,,,,,,2018-12-06,HIK,,
25139,29204,,,,,,,2018-12-07,HIK,,
25140,29205,,,,,,,2018-12-10,HIK,,
25141,29206,,,,,,,2018-12-11,HIK,,
25142,29207,,,,,,,2018-12-12,HIK,,
25143,29208,,,,,,,2018-12-13,HIK,,
25144,29209,,,,,,,2018-12-14,HIK,,
25145,29210,,,,,,,2018-12-17,HIK,,
25146,29211,,,,,,,2018-12-18,HIK,,
25147,29212,10.23,10.23,10.23,10.23,0.0,10.23,2018-12-19,HIK,,
25148,29213,10.23,10.23,10.23,10.23,0.0,10.23,2018-12-20,HIK,0.0,0.0
25149,29214,,,,,,,2018-12-21,HIK,,
25150,29215,,,,,,,2018-12-24,HIK,,
25151,29216,,,,,,,2018-12-26,HIK,,
25152,29217,,,,,,,2018-12-27,HIK,,
25153,29218,,,,,,,2018-12-28,HIK,,
25154,29219,,,,,,,2018-12-31,HIK,,
25155,29220,10.23,10.23,10.23,10.23,0.0,10.23,2019-01-02,HIK,,
25156,29221,,,,,,,2019-01-03,HIK,,
25157,29222,,,,,,,2019-01-04,HIK,,
25158,29223,,,,,,,2019-01-07,HIK,,
25159,29224,,,,,,,2019-01-08,HIK,,
25160,29225,,,,,,,2019-01-09,HIK,,
25161,29226,,,,,,,2019-01-10,HIK,,
25162,29227,,,,,,,2019-01-11,HIK,,
25163,29228,,,,,,,2019-01-14,HIK,,
25164,29229,,,,,,,2019-01-15,HIK,,
25165,29230,,,,,,,2019-01-16,HIK,,
25166,29231,,,,,,,2019-01-17,HIK,,
25167,29232,,,,,,,2019-01-18,HIK,,
25168,29233,,,,,,,2019-01-22,HIK,,
25169,29234,,,,,,,2019-01-23,HIK,,
25170,29235,,,,,,,2019-01-24,HIK,,
25171,29236,,,,,,,2019-01-25,HIK,,
25172,29237,,,,,,,2019-01-28,HIK,,
25173,29238,,,,,,,2019-01-29,HIK,,
25174,29239,,,,,,,2019-01-30,HIK,,
25175,29240,10.23,10.23,10.23,10.23,0.0,10.23,2019-01-31,HIK,,
25176,29241,,,,,,,2019-02-01,HIK,,
25177,29242,,,,,,,2019-02-04,HIK,,
25178,29243,,,,,,,2019-02-05,HIK,,
25179,29244,10.23,10.23,10.23,10.23,0.0,10.23,2019-02-06,HIK,,
25180,29245,10.23,10.23,10.23,10.23,0.0,10.23,2019-02-07,HIK,0.0,0.0
25181,29246,,,,,,,2019-02-08,HIK,,
25182,29247,,,,,,,2019-02-11,HIK,,
25183,29248,,,,,,,2019-02-12,HIK,,
25184,29249,,,,,,,2019-02-13,HIK,,
25185,29250,,,,,,,2019-02-14,HIK,,
25186,29251,,,,,,,2019-02-15,HIK,,
25187,29252,10.23,10.23,10.23,10.23,0.0,10.23,2019-02-19,HIK,,
25188,29253,,,,,,,2019-02-20,HIK,,
25189,29254,,,,,,,2019-02-21,HIK,,
25190,29255,,,,,,,2019-02-22,HIK,,
25191,29256,,,,,,,2019-02-25,HIK,,
25192,29257,,,,,,,2019-02-26,HIK,,
25193,29258,,,,,,,2019-02-27,HIK,,
25194,29259,,,,,,,2019-02-28,HIK,,
25195,29260,,,,,,,2019-03-01,HIK,,
25196,29261,,,,,,,2019-03-04,HIK,,
25197,29262,,,,,,,2019-03-05,HIK,,
25198,29263,10.23,10.23,10.23,10.23,0.0,10.23,2019-03-06,HIK,,
25199,29264,10.23,10.23,10.23,10.23,0.0,10.23,2019-03-07,HIK,0.0,0.0
25200,29265,,,,,,,2019-03-08,HIK,,
25201,29266,,,,,,,2019-03-11,HIK,,
25202,29267,,,,,,,2019-03-12,HIK,,
25203,29268,,,,,,,2019-03-13,HIK,,
25204,29269,,,,,,,2019-03-14,HIK,,
25205,29270,,,,,,,2019-03-15,HIK,,
25206,29271,,,,,,,2019-03-18,HIK,,
25207,29272,,,,,,,2019-03-19,HIK,,
25208,29273,,,,,,,2019-03-20,HIK,,
25209,29274,10.23,10.23,10.23,10.23,0.0,10.23,2019-03-21,HIK,,
25210,29275,,,,,,,2019-03-22,HIK,,
25211,29276,,,,,,,2019-03-25,HIK,,
25212,29277,,,,,,,2019-03-26,HIK,,
25213,29278,,,,,,,2019-03-27,HIK,,
25214,29279,,,,,,,2019-03-28,HIK,,
25215,29280,,,,,,,2019-03-29,HIK,,
25216,29281,10.23,10.23,10.23,10.23,0.0,10.23,2019-04-01,HIK,,
25217,29282,10.23,10.23,10.23,10.23,0.0,10.23,2019-04-02,HIK,0.0,0.0
25218,29283,10.23,10.23,10.23,10.23,0.0,10.23,2019-04-03,HIK,0.0,0.0
25219,29284,10.23,10.23,10.23,10.23,0.0,10.23,2019-04-04,HIK,0.0,0.0
25220,29285,,,,,,,2019-04-05,HIK,,
25221,29286,,,,,,,2019-04-08,HIK,,
25222,29287,,,,,,,2019-04-09,HIK,,
25223,29288,10.23,10.23,10.23,10.23,0.0,10.23,2019-04-10,HIK,,
25224,29289,10.23,10.23,10.23,10.23,0.0,10.23,2019-04-11,HIK,0.0,0.0
25225,29290,,,,,,,2019-04-12,HIK,,
25226,29291,10.23,10.23,10.23,10.23,0.0,10.23,2019-04-15,HIK,,
25227,29292,10.23,10.23,10.23,10.23,0.0,10.23,2019-04-16,HIK,0.0,0.0
25228,29293,10.23,10.23,10.23,10.23,0.0,10.23,2019-04-17,HIK,0.0,0.0
25229,29294,10.23,10.23,10.23,10.23,0.0,10.23,2019-04-18,HIK,0.0,0.0
25230,29295,10.23,10.23,10.23,10.23,0.0,10.23,2019-04-22,HIK,0.0,0.0
25231,29296,10.23,10.23,10.23,10.23,0.0,10.23,2019-04-23,HIK,0.0,0.0
25232,29297,10.23,10.23,10.23,10.23,0.0,10.23,2019-04-24,HIK,0.0,0.0
25233,29298,10.23,10.23,10.23,10.23,0.0,10.23,2019-04-25,HIK,0.0,0.0
25234,29299,,,,,,,2019-04-26,HIK,,
25235,29300,10.23,10.23,10.23,10.23,0.0,10.23,2019-04-29,HIK,,
25236,29301,10.23,10.23,10.23,10.23,0.0,10.23,2019-04-30,HIK,0.0,0.0
25237,29302,,,,,,,2019-05-01,HIK,,
25238,29303,,,,,,,2019-05-02,HIK,,
25239,29304,,,,,,,2019-05-03,HIK,,
25240,29305,,,,,,,2019-05-06,HIK,,
25241,29306,,,,,,,2019-05-07,HIK,,
25242,29307,10.23,10.23,10.23,10.23,0.0,10.23,2019-05-08,HIK,,
25243,29308,,,,,,,2019-05-09,HIK,,
25244,29309,,,,,,,2019-05-10,HIK,,
25245,29310,10.23,10.23,10.23,10.23,0.0,10.23,2019-05-13,HIK,,
25246,29311,10.23,10.23,10.23,10.23,0.0,10.23,2019-05-14,HIK,0.0,0.0
25247,29312,10.23,10.23,10.23,10.23,0.0,10.23,2019-05-15,HIK,0.0,0.0
25248,29313,10.23,10.23,10.23,10.23,0.0,10.23,2019-05-16,HIK,0.0,0.0
25249,29314,,,,,,,2019-05-17,HIK,,
25250,29315,10.23,10.23,10.23,10.23,0.0,10.23,2019-05-20,HIK,,
25251,29316,10.23,10.23,10.23,10.23,0.0,10.23,2019-05-21,HIK,0.0,0.0
25252,29317,10.23,10.23,10.23,10.23,0.0,10.23,2019-05-22,HIK,0.0,0.0
25253,29318,,,,,,,2019-05-23,HIK,,
25254,29319,,,,,,,2019-05-24,HIK,,
25255,29320,,,,,,,2019-05-28,HIK,,
25256,29321,,,,,,,2019-05-29,HIK,,
25257,29322,10.23,10.23,10.23,10.23,0.0,10.23,2019-05-30,HIK,,
25258,29323,,,,,,,2019-05-31,HIK,,
25259,29324,10.23,10.23,10.23,10.23,0.0,10.23,2019-06-03,HIK,,
25260,29325,10.23,10.23,10.23,10.23,0.0,10.23,2019-06-04,HIK,0.0,0.0
25261,29326,10.23,10.23,10.23,10.23,0.0,10.23,2019-06-05,HIK,0.0,0.0
25262,29327,10.23,10.23,10.23,10.23,0.0,10.23,2019-06-06,HIK,0.0,0.0
25263,29328,,,,,,,2019-06-07,HIK,,
